[{"model": "home.homepage", "pk": 3, "fields": {"banner_text": "<p data-block-key=\"w8nzg\">Hero Title</p>", "secondary_text": "<p data-block-key=\"gm3h9\">Hero Title</p>", "photo": 2, "content_title": "<p data-block-key=\"cvjdz\">1</p>", "content_p": "<p data-block-key=\"i6gfy\">2</p>", "content_text": "<p data-block-key=\"6qgeh\">3</p>", "content_photo1": 3, "content_photo2": 2, "card_photo1": 4, "first_card_title": "<p data-block-key=\"fb3he\"><b>card title</b></p>", "card_photo2": 4, "second_card_title": "<p data-block-key=\"6qh74\"><b>card title</b></p>", "card_photo3": 4, "third_card_title": "<p data-block-key=\"xv52t\"><b>card title</b></p>", "card_photo4": 4, "fourth_card_title": "<p data-block-key=\"mudom\"><b>card title</b></p>", "first_card_text": "<p data-block-key=\"ov5fw\">card text</p>", "second_card_text": "<p data-block-key=\"pe1xk\">card text</p>", "third_card_text": "<p data-block-key=\"27hzm\"><b>card text</b></p>", "fourth_card_text": "<p data-block-key=\"dpum9\">card text</p>", "bcontent_title": "<h2 data-block-key=\"ohqzr\"><b>Bottom Content Title:</b></h2>", "bcontent_text": "<p data-block-key=\"monz8\"><b>Bottom Content Text:H2H3H4―↺↻</b><br/></p>", "founder_text": "<p data-block-key=\"f8rpy\">founder </p>", "bcontent_signature": 3, "bcontent_photo": 2, "res_list1": "Responsibilities List 1:", "res_list2": "Responsibilities List 2:", "res_list3": "Responsibilities List 3:", "res_list4": "Responsibilities List 4:", "res_list5": "Responsibilities List 5:", "res_list6": "Responsibilities List 6:", "owl_title": "<h2 data-block-key=\"7p507\">Owl Title</h2>", "owl_text": "<p data-block-key=\"5ir49\">Owl text</p>", "owl_photo1": 3, "content_title1": "<h2 data-block-key=\"1ipb2\">Owl Title</h2>", "content_text1": "<p data-block-key=\"y7xsl\">Owl text</p>", "owl_photo2": 2, "content_title2": "<h2 data-block-key=\"sp7mk\">Owl Title</h2>", "content_text2": "<p data-block-key=\"qx0pv\">Owl text</p>", "owl_photo3": 3, "content_title3": "<h2 data-block-key=\"xf4lm\">Owl title</h2>", "content_text3": "<p data-block-key=\"c1c89\">owl text</p>", "owl_photo4": 2, "content_title4": "<h2 data-block-key=\"ucxvw\">Owl title</h2>", "content_text4": "<p data-block-key=\"8xew0\">owl text</p>", "quote_photo": null, "quote_title": "", "quote_text": "", "skill_photo": 2, "skill_title": "<h2 data-block-key=\"jsx5p\">1</h2>", "skill1": "", "skill2": "", "skill3": "", "embed_video": "<p data-block-key=\"to25r\"></p><p data-block-key=\"6aamh\"></p><embed embedtype=\"media\" url=\"https://www.youtube.com/watch?v=rQTo0dzdSJw\"/><p data-block-key=\"a8eob\"></p>"}}, {"model": "about.aboutpage", "pk": 7, "fields": {"logo": null, "page_title": "", "page_text": "", "content_photo": null, "content_title": "", "content_text": "", "mid_content_title1": "", "mid_content_title2": "", "mid_content_text1": "", "mid_content_text2": "", "mid_content_photo1": null, "mid_content_photo2": null, "banner_title": "", "banner_image": null, "banner_text": "", "bot_content_title": "", "bot_content_title_dropdown1": "", "bot_content_text_dropdown1": "", "bot_content_title_dropdown2": "", "bot_content_text_dropdown2": "", "bot_content_title_dropdown3": "", "bot_content_text_dropdown3": "", "bot_content_title_dropdown4": "", "bot_content_text_dropdown4": "", "bot_content_photo": null, "director_board_title": "", "first_board_member_photo": null, "board_member_text1": "", "second_board_member_photo": null, "board_member_text2": "", "third_board_member_photo": null, "board_member_text3": "", "fourth_board_member_photo": null, "board_member_text4": ""}}, {"model": "menus.menuitem", "pk": 5, "fields": {"sort_order": 0, "link_title": "Home", "link_url": "", "link_page": 3, "open_in_new_tab": false, "page": 1}}, {"model": "menus.menuitem", "pk": 6, "fields": {"sort_order": 1, "link_title": "Physician", "link_url": "", "link_page": 4, "open_in_new_tab": false, "page": 1}}, {"model": "menus.menuitem", "pk": 7, "fields": {"sort_order": 2, "link_title": "Patient", "link_url": "", "link_page": 5, "open_in_new_tab": false, "page": 1}}, {"model": "menus.menuitem", "pk": 8, "fields": {"sort_order": 3, "link_title": "Contact", "link_url": "", "link_page": 6, "open_in_new_tab": false, "page": 1}}, {"model": "menus.menuitem", "pk": 9, "fields": {"sort_order": 4, "link_title": "About Us", "link_url": "", "link_page": 7, "open_in_new_tab": false, "page": 1}}, {"model": "menus.menuitem", "pk": 10, "fields": {"sort_order": 0, "link_title": "Physyician", "link_url": "", "link_page": 4, "open_in_new_tab": false, "page": 2}}, {"model": "menus.menuitem", "pk": 11, "fields": {"sort_order": 1, "link_title": "Patient", "link_url": "", "link_page": 5, "open_in_new_tab": false, "page": 2}}, {"model": "menus.menuitem", "pk": 12, "fields": {"sort_order": 2, "link_title": "Contact", "link_url": "", "link_page": 6, "open_in_new_tab": false, "page": 2}}, {"model": "menus.menu", "pk": 1, "fields": {"title": "Main", "slug": "main", "nav_logo": 1, "link_page_logo": 3}}, {"model": "menus.menu", "pk": 2, "fields": {"title": "Footer", "slug": "footer", "nav_logo": null, "link_page_logo": null}}, {"model": "physician.physician", "pk": 4, "fields": {"top_content_photo": null, "top_content_title": "", "top_content_text": "", "middle_content_photo": null, "middle_content_title": "", "middle_content_text": "", "bottom_content_photo": null, "bottom_content_title": "", "bottom_content_text": "", "banner_text": "", "phone_number": "", "email_adress": ""}}, {"model": "patient.patient", "pk": 5, "fields": {"page_title": "", "page_text": "", "first_card_photo": null, "first_card_title": "", "first_card_text": "", "second_card_photo": null, "second_card_title": "", "second_card_text": "", "third_card_photo": null, "third_card_title": "", "third_card_text": "", "fourth_card_photo": null, "fourth_card_title": "", "fourth_card_text": "", "fifth_card_photo": null, "fifth_card_title": "", "fifth_card_text": ""}}, {"model": "contact.contact", "pk": 6, "fields": {"left_block_title": "", "left_block_text": "", "office_address": "", "factory_address": "", "email_address": "", "phone_number_c": "", "form_title": ""}}, {"model": "wagtailembeds.embed", "pk": 1, "fields": {"url": "https://www.youtube.com/watch?v=jSryCfbvBg8&list=RDjSryCfbvBg8&start_radio=1", "max_width": null, "hash": "797078e485800d7a2fb7555d13a686a6", "type": "video", "html": "<iframe width=\"200\" height=\"150\" src=\"https://www.youtube.com/embed/jSryCfbvBg8?feature=oembed\" frameborder=\"0\" allow=\"accelerometer; autoplay; clipboard-write; encrypted-media; gyroscope; picture-in-picture\" allowfullscreen></iframe>", "title": "Humate & Rabbit in the Moon - East (Humate Mix)", "author_name": "Scubadevils", "provider_name": "YouTube", "thumbnail_url": "https://i.ytimg.com/vi/jSryCfbvBg8/hqdefault.jpg", "width": 200, "height": 150, "last_updated": "2021-11-05T21:53:51.560Z", "cache_until": null}}, {"model": "wagtailembeds.embed", "pk": 2, "fields": {"url": "https://www.youtube.com/watch?v=vXmqauitBkM", "max_width": null, "hash": "13be3b7f789061aabb03a97ff735c549", "type": "video", "html": "<iframe width=\"200\" height=\"150\" src=\"https://www.youtube.com/embed/vXmqauitBkM?feature=oembed\" frameborder=\"0\" allow=\"accelerometer; autoplay; clipboard-write; encrypted-media; gyroscope; picture-in-picture\" allowfullscreen></iframe>", "title": "Outkast - SpottieOttieDopaliscious", "author_name": "FiveAnimalsMedia", "provider_name": "YouTube", "thumbnail_url": "https://i.ytimg.com/vi/vXmqauitBkM/hqdefault.jpg", "width": 200, "height": 150, "last_updated": "2021-11-05T22:48:21.588Z", "cache_until": null}}, {"model": "wagtailembeds.embed", "pk": 3, "fields": {"url": "https://www.youtube.com/watch?v=rQTo0dzdSJw", "max_width": null, "hash": "ed0cadbcf863a37c0cb375308250e110", "type": "video", "html": "<iframe width=\"200\" height=\"113\" src=\"https://www.youtube.com/embed/rQTo0dzdSJw?feature=oembed\" frameborder=\"0\" allow=\"accelerometer; autoplay; clipboard-write; encrypted-media; gyroscope; picture-in-picture\" allowfullscreen></iframe>", "title": "Mohammed: The First Medical Doctor", "author_name": "Apostate Prophet", "provider_name": "YouTube", "thumbnail_url": "https://i.ytimg.com/vi/rQTo0dzdSJw/hqdefault.jpg", "width": 200, "height": 113, "last_updated": "2021-11-05T22:50:59.002Z", "cache_until": null}}, {"model": "wagtailimages.image", "pk": 1, "fields": {"collection": 1, "title": "logo.webp", "file": "original_images/logo.webp", "width": 284, "height": 68, "created_at": "2021-11-05T21:49:15.192Z", "uploaded_by_user": 1, "focal_point_x": null, "focal_point_y": null, "focal_point_width": null, "focal_point_height": null, "file_size": 7142, "file_hash": "89dea38aa10feb4ef8575697bc0213b6d3e3a5b3"}}, {"model": "wagtailimages.image", "pk": 2, "fields": {"collection": 1, "title": "241502301_1502925033405828_5232482195564096666_n.jpg", "file": "original_images/241502301_1502925033405828_5232482195564096666_n.jpg", "width": 750, "height": 547, "created_at": "2021-11-05T21:51:32.181Z", "uploaded_by_user": 1, "focal_point_x": null, "focal_point_y": null, "focal_point_width": null, "focal_point_height": null, "file_size": 33436, "file_hash": "d5d26b65ac217a0a276b6a306a8ceae334d94dc3"}}, {"model": "wagtailimages.image", "pk": 3, "fields": {"collection": 1, "title": "241255299_180986514141401_4287928956638486684_n.jpg", "file": "original_images/241255299_180986514141401_4287928956638486684_n.jpg", "width": 674, "height": 650, "created_at": "2021-11-05T21:52:15.408Z", "uploaded_by_user": 1, "focal_point_x": null, "focal_point_y": null, "focal_point_width": null, "focal_point_height": null, "file_size": 63528, "file_hash": "4eac34d9bd589c354988400bc66f685435f7f970"}}, {"model": "wagtailimages.image", "pk": 4, "fields": {"collection": 1, "title": "57.max-165x165.png", "file": "original_images/57.max-165x165_5NPkBj5.png", "width": 128, "height": 128, "created_at": "2021-11-05T21:52:41.363Z", "uploaded_by_user": 1, "focal_point_x": null, "focal_point_y": null, "focal_point_width": null, "focal_point_height": null, "file_size": 4507, "file_hash": "409bd78f667283063203f9041a2c49fd4b794f99"}}, {"model": "wagtailimages.rendition", "pk": 1, "fields": {"filter_spec": "max-165x165", "file": "images/logo.max-165x165.png", "width": 165, "height": 39, "focal_point_key": "", "image": 1}}, {"model": "wagtailimages.rendition", "pk": 2, "fields": {"filter_spec": "fill-190x40", "file": "images/logo.2e16d0ba.fill-190x40.png", "width": 190, "height": 40, "focal_point_key": "2e16d0ba", "image": 1}}, {"model": "wagtailimages.rendition", "pk": 3, "fields": {"filter_spec": "max-165x165", "file": "images/241502301_1502925033405828_52324821955640966.max-165x165.jpg", "width": 165, "height": 120, "focal_point_key": "", "image": 2}}, {"model": "wagtailimages.rendition", "pk": 4, "fields": {"filter_spec": "fill-1920x760", "file": "images/241502301_1502925033405828_523248.2e16d0ba.fill-1920x760.jpg", "width": 750, "height": 297, "focal_point_key": "2e16d0ba", "image": 2}}, {"model": "wagtailimages.rendition", "pk": 5, "fields": {"filter_spec": "max-165x165", "file": "images/241255299_180986514141401_428792895663848668.max-165x165.jpg", "width": 165, "height": 159, "focal_point_key": "", "image": 3}}, {"model": "wagtailimages.rendition", "pk": 6, "fields": {"filter_spec": "fill-532x340", "file": "images/241255299_180986514141401_42879289.2e16d0ba.fill-532x340.jpg", "width": 532, "height": 340, "focal_point_key": "2e16d0ba", "image": 3}}, {"model": "wagtailimages.rendition", "pk": 7, "fields": {"filter_spec": "fill-532x340", "file": "images/241502301_1502925033405828_5232482.2e16d0ba.fill-532x340.jpg", "width": 532, "height": 340, "focal_point_key": "2e16d0ba", "image": 2}}, {"model": "wagtailimages.rendition", "pk": 8, "fields": {"filter_spec": "max-165x165", "file": "images/57.max-165x165_5NPkBj5.max-165x165.png", "width": 128, "height": 128, "focal_point_key": "", "image": 4}}, {"model": "wagtailimages.rendition", "pk": 9, "fields": {"filter_spec": "fill-128x128", "file": "images/57.max-165x165_5NPkBj5.2e16d0ba.fill-128x128.png", "width": 128, "height": 128, "focal_point_key": "2e16d0ba", "image": 4}}, {"model": "wagtailimages.rendition", "pk": 10, "fields": {"filter_spec": "fill-1920x760", "file": "images/241255299_180986514141401_4287928.2e16d0ba.fill-1920x760.jpg", "width": 674, "height": 268, "focal_point_key": "2e16d0ba", "image": 3}}, {"model": "wagtailimages.rendition", "pk": 11, "fields": {"filter_spec": "fill-900x690", "file": "images/241502301_1502925033405828_5232482.2e16d0ba.fill-900x690.jpg", "width": 714, "height": 547, "focal_point_key": "2e16d0ba", "image": 2}}, {"model": "wagtailimages.rendition", "pk": 12, "fields": {"filter_spec": "fill-231x80", "file": "images/241255299_180986514141401_428792895.2e16d0ba.fill-231x80.jpg", "width": 231, "height": 80, "focal_point_key": "2e16d0ba", "image": 3}}, {"model": "wagtailimages.rendition", "pk": 13, "fields": {"filter_spec": "fill-360x250", "file": "images/241255299_180986514141401_42879289.2e16d0ba.fill-360x250.jpg", "width": 360, "height": 250, "focal_point_key": "2e16d0ba", "image": 3}}, {"model": "wagtailimages.rendition", "pk": 14, "fields": {"filter_spec": "fill-360x250", "file": "images/241502301_1502925033405828_5232482.2e16d0ba.fill-360x250.jpg", "width": 360, "height": 250, "focal_point_key": "2e16d0ba", "image": 2}}, {"model": "wagtailcore.site", "pk": 2, "fields": {"hostname": "localhost", "port": 80, "site_name": "", "root_page": 3, "is_default_site": true}}, {"model": "wagtailcore.collection", "pk": 1, "fields": {"path": "0001", "depth": 1, "numchild": 0, "name": "Root"}}, {"model": "wagtailcore.groupcollectionpermission", "pk": 1, "fields": {"group": 2, "collection": 1, "permission": 1}}, {"model": "wagtailcore.groupcollectionpermission", "pk": 2, "fields": {"group": 1, "collection": 1, "permission": 1}}, {"model": "wagtailcore.groupcollectionpermission", "pk": 3, "fields": {"group": 2, "collection": 1, "permission": 2}}, {"model": "wagtailcore.groupcollectionpermission", "pk": 4, "fields": {"group": 1, "collection": 1, "permission": 2}}, {"model": "wagtailcore.groupcollectionpermission", "pk": 5, "fields": {"group": 2, "collection": 1, "permission": 6}}, {"model": "wagtailcore.groupcollectionpermission", "pk": 6, "fields": {"group": 1, "collection": 1, "permission": 6}}, {"model": "wagtailcore.groupcollectionpermission", "pk": 7, "fields": {"group": 2, "collection": 1, "permission": 7}}, {"model": "wagtailcore.groupcollectionpermission", "pk": 8, "fields": {"group": 1, "collection": 1, "permission": 7}}, {"model": "wagtailcore.groupcollectionpermission", "pk": 9, "fields": {"group": 2, "collection": 1, "permission": 9}}, {"model": "wagtailcore.groupcollectionpermission", "pk": 10, "fields": {"group": 1, "collection": 1, "permission": 9}}, {"model": "wagtailcore.locale", "pk": 1, "fields": {"language_code": "en"}}, {"model": "wagtailcore.page", "pk": 1, "fields": {"path": "0001", "depth": 1, "numchild": 1, "translation_key": "d2093c52-87df-4e6c-a15f-4423df18db0d", "locale": 1, "title": "Root", "draft_title": "Root", "slug": "root", "content_type": 1, "live": true, "has_unpublished_changes": false, "url_path": "/", "owner": null, "seo_title": "", "show_in_menus": false, "search_description": "", "go_live_at": null, "expire_at": null, "expired": false, "locked": false, "locked_at": null, "locked_by": null, "first_published_at": null, "last_published_at": null, "latest_revision_created_at": null, "live_revision": null, "alias_of": null}}, {"model": "wagtailcore.page", "pk": 3, "fields": {"path": "00010001", "depth": 2, "numchild": 4, "translation_key": "7a3f84b1-ee1b-4923-afb3-e23ee570448a", "locale": 1, "title": "Home", "draft_title": "Home", "slug": "home", "content_type": 4, "live": true, "has_unpublished_changes": false, "url_path": "/home/", "owner": null, "seo_title": "", "show_in_menus": false, "search_description": "", "go_live_at": null, "expire_at": null, "expired": false, "locked": false, "locked_at": null, "locked_by": null, "first_published_at": "2021-11-05T22:51:30.178Z", "last_published_at": "2021-11-05T22:51:30.178Z", "latest_revision_created_at": "2021-11-05T22:51:30.105Z", "live_revision": 5, "alias_of": null}}, {"model": "wagtailcore.page", "pk": 4, "fields": {"path": "000100010001", "depth": 3, "numchild": 0, "translation_key": "2dbb0c80-166f-4491-b411-1766bc464dad", "locale": 1, "title": "Physician", "draft_title": "Physician", "slug": "physician", "content_type": 10, "live": true, "has_unpublished_changes": false, "url_path": "/home/physician/", "owner": 1, "seo_title": "", "show_in_menus": false, "search_description": "", "go_live_at": null, "expire_at": null, "expired": false, "locked": false, "locked_at": null, "locked_by": null, "first_published_at": "2021-11-05T21:44:54.986Z", "last_published_at": "2021-11-05T21:44:54.986Z", "latest_revision_created_at": "2021-11-05T21:44:54.939Z", "live_revision": 1, "alias_of": null}}, {"model": "wagtailcore.page", "pk": 5, "fields": {"path": "000100010002", "depth": 3, "numchild": 0, "translation_key": "229e3b7a-ec7d-464a-b66a-5a48c97ecaa6", "locale": 1, "title": "Patient", "draft_title": "Patient", "slug": "patient", "content_type": 11, "live": true, "has_unpublished_changes": false, "url_path": "/home/patient/", "owner": 1, "seo_title": "", "show_in_menus": false, "search_description": "", "go_live_at": null, "expire_at": null, "expired": false, "locked": false, "locked_at": null, "locked_by": null, "first_published_at": "2021-11-05T21:45:07.745Z", "last_published_at": "2021-11-05T21:45:07.745Z", "latest_revision_created_at": "2021-11-05T21:45:07.698Z", "live_revision": 2, "alias_of": null}}, {"model": "wagtailcore.page", "pk": 6, "fields": {"path": "000100010003", "depth": 3, "numchild": 0, "translation_key": "c1f7aac2-b191-4d25-b049-5ff0d3f00405", "locale": 1, "title": "Contact", "draft_title": "Contact", "slug": "contact", "content_type": 12, "live": true, "has_unpublished_changes": false, "url_path": "/home/contact/", "owner": 1, "seo_title": "", "show_in_menus": false, "search_description": "", "go_live_at": null, "expire_at": null, "expired": false, "locked": false, "locked_at": null, "locked_by": null, "first_published_at": "2021-11-05T21:45:22.932Z", "last_published_at": "2021-11-05T21:45:22.932Z", "latest_revision_created_at": "2021-11-05T21:45:22.881Z", "live_revision": 3, "alias_of": null}}, {"model": "wagtailcore.page", "pk": 7, "fields": {"path": "000100010004", "depth": 3, "numchild": 0, "translation_key": "9d9d2cda-1967-46d3-917d-6fc60dce3e1c", "locale": 1, "title": "About", "draft_title": "About", "slug": "about", "content_type": 7, "live": true, "has_unpublished_changes": false, "url_path": "/home/about/", "owner": 1, "seo_title": "", "show_in_menus": false, "search_description": "", "go_live_at": null, "expire_at": null, "expired": false, "locked": false, "locked_at": null, "locked_by": null, "first_published_at": "2021-11-05T21:47:08.165Z", "last_published_at": "2021-11-05T21:47:08.165Z", "latest_revision_created_at": "2021-11-05T21:47:08.112Z", "live_revision": 4, "alias_of": null}}, {"model": "wagtailcore.pagerevision", "pk": 1, "fields": {"page": 4, "submitted_for_moderation": false, "created_at": "2021-11-05T21:44:54.939Z", "user": 1, "content_json": "{\"pk\": 4, \"path\": \"000100010001\", \"depth\": 3, \"numchild\": 0, \"translation_key\": \"2dbb0c80-166f-4491-b411-1766bc464dad\", \"locale\": 1, \"title\": \"Physician\", \"draft_title\": \"Physician\", \"slug\": \"physician\", \"content_type\": 10, \"live\": true, \"has_unpublished_changes\": false, \"url_path\": \"/home/physician/\", \"owner\": 1, \"seo_title\": \"\", \"show_in_menus\": false, \"search_description\": \"\", \"go_live_at\": null, \"expire_at\": null, \"expired\": false, \"locked\": false, \"locked_at\": null, \"locked_by\": null, \"first_published_at\": null, \"last_published_at\": null, \"latest_revision_created_at\": null, \"live_revision\": null, \"alias_of\": null, \"top_content_photo\": null, \"top_content_title\": \"\", \"top_content_text\": \"\", \"middle_content_photo\": null, \"middle_content_title\": \"\", \"middle_content_text\": \"\", \"bottom_content_photo\": null, \"bottom_content_title\": \"\", \"bottom_content_text\": \"\", \"banner_text\": \"\", \"phone_number\": \"\", \"email_adress\": \"\", \"comments\": []}", "approved_go_live_at": null}}, {"model": "wagtailcore.pagerevision", "pk": 2, "fields": {"page": 5, "submitted_for_moderation": false, "created_at": "2021-11-05T21:45:07.698Z", "user": 1, "content_json": "{\"pk\": 5, \"path\": \"000100010002\", \"depth\": 3, \"numchild\": 0, \"translation_key\": \"229e3b7a-ec7d-464a-b66a-5a48c97ecaa6\", \"locale\": 1, \"title\": \"Patient\", \"draft_title\": \"Patient\", \"slug\": \"patient\", \"content_type\": 11, \"live\": true, \"has_unpublished_changes\": false, \"url_path\": \"/home/patient/\", \"owner\": 1, \"seo_title\": \"\", \"show_in_menus\": false, \"search_description\": \"\", \"go_live_at\": null, \"expire_at\": null, \"expired\": false, \"locked\": false, \"locked_at\": null, \"locked_by\": null, \"first_published_at\": null, \"last_published_at\": null, \"latest_revision_created_at\": null, \"live_revision\": null, \"alias_of\": null, \"page_title\": \"\", \"page_text\": \"\", \"first_card_photo\": null, \"first_card_title\": \"\", \"first_card_text\": \"\", \"second_card_photo\": null, \"second_card_title\": \"\", \"second_card_text\": \"\", \"third_card_photo\": null, \"third_card_title\": \"\", \"third_card_text\": \"\", \"fourth_card_photo\": null, \"fourth_card_title\": \"\", \"fourth_card_text\": \"\", \"fifth_card_photo\": null, \"fifth_card_title\": \"\", \"fifth_card_text\": \"\", \"comments\": []}", "approved_go_live_at": null}}, {"model": "wagtailcore.pagerevision", "pk": 3, "fields": {"page": 6, "submitted_for_moderation": false, "created_at": "2021-11-05T21:45:22.881Z", "user": 1, "content_json": "{\"pk\": 6, \"path\": \"000100010003\", \"depth\": 3, \"numchild\": 0, \"translation_key\": \"c1f7aac2-b191-4d25-b049-5ff0d3f00405\", \"locale\": 1, \"title\": \"Contact\", \"draft_title\": \"Contact\", \"slug\": \"contact\", \"content_type\": 12, \"live\": true, \"has_unpublished_changes\": false, \"url_path\": \"/home/contact/\", \"owner\": 1, \"seo_title\": \"\", \"show_in_menus\": false, \"search_description\": \"\", \"go_live_at\": null, \"expire_at\": null, \"expired\": false, \"locked\": false, \"locked_at\": null, \"locked_by\": null, \"first_published_at\": null, \"last_published_at\": null, \"latest_revision_created_at\": null, \"live_revision\": null, \"alias_of\": null, \"left_block_title\": \"\", \"left_block_text\": \"\", \"office_address\": \"\", \"factory_address\": \"\", \"email_address\": \"\", \"phone_number_c\": \"\", \"form_title\": \"\", \"comments\": []}", "approved_go_live_at": null}}, {"model": "wagtailcore.pagerevision", "pk": 4, "fields": {"page": 7, "submitted_for_moderation": false, "created_at": "2021-11-05T21:47:08.112Z", "user": 1, "content_json": "{\"pk\": 7, \"path\": \"000100010004\", \"depth\": 3, \"numchild\": 0, \"translation_key\": \"9d9d2cda-1967-46d3-917d-6fc60dce3e1c\", \"locale\": 1, \"title\": \"About\", \"draft_title\": \"About\", \"slug\": \"about\", \"content_type\": 7, \"live\": true, \"has_unpublished_changes\": false, \"url_path\": \"/home/about/\", \"owner\": 1, \"seo_title\": \"\", \"show_in_menus\": false, \"search_description\": \"\", \"go_live_at\": null, \"expire_at\": null, \"expired\": false, \"locked\": false, \"locked_at\": null, \"locked_by\": null, \"first_published_at\": null, \"last_published_at\": null, \"latest_revision_created_at\": null, \"live_revision\": null, \"alias_of\": null, \"logo\": null, \"page_title\": \"\", \"page_text\": \"\", \"content_photo\": null, \"content_title\": \"\", \"content_text\": \"\", \"mid_content_title1\": \"\", \"mid_content_title2\": \"\", \"mid_content_text1\": \"\", \"mid_content_text2\": \"\", \"mid_content_photo1\": null, \"mid_content_photo2\": null, \"banner_title\": \"\", \"banner_image\": null, \"banner_text\": \"\", \"bot_content_title\": \"\", \"bot_content_title_dropdown1\": \"\", \"bot_content_text_dropdown1\": \"\", \"bot_content_title_dropdown2\": \"\", \"bot_content_text_dropdown2\": \"\", \"bot_content_title_dropdown3\": \"\", \"bot_content_text_dropdown3\": \"\", \"bot_content_title_dropdown4\": \"\", \"bot_content_text_dropdown4\": \"\", \"bot_content_photo\": null, \"director_board_title\": \"\", \"first_board_member_photo\": null, \"board_member_text1\": \"\", \"second_board_member_photo\": null, \"board_member_text2\": \"\", \"third_board_member_photo\": null, \"board_member_text3\": \"\", \"fourth_board_member_photo\": null, \"board_member_text4\": \"\", \"comments\": []}", "approved_go_live_at": null}}, {"model": "wagtailcore.pagerevision", "pk": 5, "fields": {"page": 3, "submitted_for_moderation": false, "created_at": "2021-11-05T22:51:30.105Z", "user": 1, "content_json": "{\"pk\": 3, \"path\": \"00010001\", \"depth\": 2, \"numchild\": 4, \"translation_key\": \"7a3f84b1-ee1b-4923-afb3-e23ee570448a\", \"locale\": 1, \"title\": \"Home\", \"draft_title\": \"Home\", \"slug\": \"home\", \"content_type\": 4, \"live\": true, \"has_unpublished_changes\": false, \"url_path\": \"/home/\", \"owner\": null, \"seo_title\": \"\", \"show_in_menus\": false, \"search_description\": \"\", \"go_live_at\": null, \"expire_at\": null, \"expired\": false, \"locked\": false, \"locked_at\": null, \"locked_by\": null, \"first_published_at\": null, \"last_published_at\": null, \"latest_revision_created_at\": null, \"live_revision\": null, \"alias_of\": null, \"banner_text\": \"<p data-block-key=\\\"w8nzg\\\">Hero Title</p>\", \"secondary_text\": \"<p data-block-key=\\\"gm3h9\\\">Hero Title</p>\", \"photo\": 2, \"content_title\": \"<p data-block-key=\\\"cvjdz\\\">1</p>\", \"content_p\": \"<p data-block-key=\\\"i6gfy\\\">2</p>\", \"content_text\": \"<p data-block-key=\\\"6qgeh\\\">3</p>\", \"content_photo1\": 3, \"content_photo2\": 2, \"card_photo1\": 4, \"first_card_title\": \"<p data-block-key=\\\"fb3he\\\"><b>card title</b></p>\", \"card_photo2\": 4, \"second_card_title\": \"<p data-block-key=\\\"6qh74\\\"><b>card title</b></p>\", \"card_photo3\": 4, \"third_card_title\": \"<p data-block-key=\\\"xv52t\\\"><b>card title</b></p>\", \"card_photo4\": 4, \"fourth_card_title\": \"<p data-block-key=\\\"mudom\\\"><b>card title</b></p>\", \"first_card_text\": \"<p data-block-key=\\\"ov5fw\\\">card text</p>\", \"second_card_text\": \"<p data-block-key=\\\"pe1xk\\\">card text</p>\", \"third_card_text\": \"<p data-block-key=\\\"27hzm\\\"><b>card text</b></p>\", \"fourth_card_text\": \"<p data-block-key=\\\"dpum9\\\">card text</p>\", \"bcontent_title\": \"<h2 data-block-key=\\\"ohqzr\\\"><b>Bottom Content Title:</b></h2>\", \"bcontent_text\": \"<p data-block-key=\\\"monz8\\\"><b>Bottom Content Text:H2H3H4\\u2015\\u21ba\\u21bb</b><br/></p>\", \"founder_text\": \"<p data-block-key=\\\"f8rpy\\\">founder </p>\", \"bcontent_signature\": 3, \"bcontent_photo\": 2, \"res_list1\": \"Responsibilities List 1:\", \"res_list2\": \"Responsibilities List 2:\", \"res_list3\": \"Responsibilities List 3:\", \"res_list4\": \"Responsibilities List 4:\", \"res_list5\": \"Responsibilities List 5:\", \"res_list6\": \"Responsibilities List 6:\", \"owl_title\": \"<h2 data-block-key=\\\"7p507\\\">Owl Title</h2>\", \"owl_text\": \"<p data-block-key=\\\"5ir49\\\">Owl text</p>\", \"owl_photo1\": 3, \"content_title1\": \"<h2 data-block-key=\\\"1ipb2\\\">Owl Title</h2>\", \"content_text1\": \"<p data-block-key=\\\"y7xsl\\\">Owl text</p>\", \"owl_photo2\": 2, \"content_title2\": \"<h2 data-block-key=\\\"sp7mk\\\">Owl Title</h2>\", \"content_text2\": \"<p data-block-key=\\\"qx0pv\\\">Owl text</p>\", \"owl_photo3\": 3, \"content_title3\": \"<h2 data-block-key=\\\"xf4lm\\\">Owl title</h2>\", \"content_text3\": \"<p data-block-key=\\\"c1c89\\\">owl text</p>\", \"owl_photo4\": 2, \"content_title4\": \"<h2 data-block-key=\\\"ucxvw\\\">Owl title</h2>\", \"content_text4\": \"<p data-block-key=\\\"8xew0\\\">owl text</p>\", \"quote_photo\": null, \"quote_title\": \"\", \"quote_text\": \"\", \"skill_photo\": 2, \"skill_title\": \"<h2 data-block-key=\\\"jsx5p\\\">1</h2>\", \"skill1\": \"\", \"skill2\": \"\", \"skill3\": \"\", \"embed_video\": \"<p data-block-key=\\\"to25r\\\"></p><p data-block-key=\\\"6aamh\\\"></p><embed embedtype=\\\"media\\\" url=\\\"https://www.youtube.com/watch?v=rQTo0dzdSJw\\\"/><p data-block-key=\\\"a8eob\\\"></p>\", \"comments\": []}", "approved_go_live_at": null}}, {"model": "wagtailcore.grouppagepermission", "pk": 1, "fields": {"group": 1, "page": 1, "permission_type": "add"}}, {"model": "wagtailcore.grouppagepermission", "pk": 2, "fields": {"group": 1, "page": 1, "permission_type": "edit"}}, {"model": "wagtailcore.grouppagepermission", "pk": 3, "fields": {"group": 1, "page": 1, "permission_type": "publish"}}, {"model": "wagtailcore.grouppagepermission", "pk": 4, "fields": {"group": 2, "page": 1, "permission_type": "add"}}, {"model": "wagtailcore.grouppagepermission", "pk": 5, "fields": {"group": 2, "page": 1, "permission_type": "edit"}}, {"model": "wagtailcore.grouppagepermission", "pk": 6, "fields": {"group": 1, "page": 1, "permission_type": "lock"}}, {"model": "wagtailcore.grouppagepermission", "pk": 7, "fields": {"group": 1, "page": 1, "permission_type": "unlock"}}, {"model": "wagtailcore.workflowpage", "pk": 1, "fields": {"workflow": 1}}, {"model": "wagtailcore.workflowtask", "pk": 1, "fields": {"sort_order": 0, "workflow": 1, "task": 1}}, {"model": "wagtailcore.task", "pk": 1, "fields": {"name": "Moderators approval", "content_type": 3, "active": true}}, {"model": "wagtailcore.workflow", "pk": 1, "fields": {"name": "Moderators approval", "active": true}}, {"model": "wagtailcore.groupapprovaltask", "pk": 1, "fields": {"groups": [1]}}, {"model": "wagtailcore.pagelogentry", "pk": 1, "fields": {"content_type": 10, "label": "Physician", "action": "wagtail.create", "data_json": "\"\"", "timestamp": "2021-11-05T21:44:54.919Z", "user": 1, "content_changed": true, "deleted": false, "page": 4, "revision": null}}, {"model": "wagtailcore.pagelogentry", "pk": 2, "fields": {"content_type": 10, "label": "Physician", "action": "wagtail.publish", "data_json": "null", "timestamp": "2021-11-05T21:44:55.028Z", "user": 1, "content_changed": true, "deleted": false, "page": 4, "revision": 1}}, {"model": "wagtailcore.pagelogentry", "pk": 3, "fields": {"content_type": 11, "label": "Patient", "action": "wagtail.create", "data_json": "\"\"", "timestamp": "2021-11-05T21:45:07.672Z", "user": 1, "content_changed": true, "deleted": false, "page": 5, "revision": null}}, {"model": "wagtailcore.pagelogentry", "pk": 4, "fields": {"content_type": 11, "label": "Patient", "action": "wagtail.publish", "data_json": "null", "timestamp": "2021-11-05T21:45:07.787Z", "user": 1, "content_changed": true, "deleted": false, "page": 5, "revision": 2}}, {"model": "wagtailcore.pagelogentry", "pk": 5, "fields": {"content_type": 12, "label": "Contact", "action": "wagtail.create", "data_json": "\"\"", "timestamp": "2021-11-05T21:45:22.860Z", "user": 1, "content_changed": true, "deleted": false, "page": 6, "revision": null}}, {"model": "wagtailcore.pagelogentry", "pk": 6, "fields": {"content_type": 12, "label": "Contact", "action": "wagtail.publish", "data_json": "null", "timestamp": "2021-11-05T21:45:22.981Z", "user": 1, "content_changed": true, "deleted": false, "page": 6, "revision": 3}}, {"model": "wagtailcore.pagelogentry", "pk": 7, "fields": {"content_type": 7, "label": "About", "action": "wagtail.create", "data_json": "\"\"", "timestamp": "2021-11-05T21:47:08.085Z", "user": 1, "content_changed": true, "deleted": false, "page": 7, "revision": null}}, {"model": "wagtailcore.pagelogentry", "pk": 8, "fields": {"content_type": 7, "label": "About", "action": "wagtail.publish", "data_json": "null", "timestamp": "2021-11-05T21:47:08.222Z", "user": 1, "content_changed": true, "deleted": false, "page": 7, "revision": 4}}, {"model": "wagtailcore.pagelogentry", "pk": 9, "fields": {"content_type": 4, "label": "Home", "action": "wagtail.edit", "data_json": "\"\"", "timestamp": "2021-11-05T22:51:30.134Z", "user": 1, "content_changed": true, "deleted": false, "page": 3, "revision": 5}}, {"model": "wagtailcore.pagelogentry", "pk": 10, "fields": {"content_type": 4, "label": "Home", "action": "wagtail.publish", "data_json": "null", "timestamp": "2021-11-05T22:51:30.227Z", "user": 1, "content_changed": true, "deleted": false, "page": 3, "revision": 5}}, {"model": "wagtailcore.pagesubscription", "pk": 1, "fields": {"user": 1, "page": 4, "comment_notifications": true}}, {"model": "wagtailcore.pagesubscription", "pk": 2, "fields": {"user": 1, "page": 5, "comment_notifications": true}}, {"model": "wagtailcore.pagesubscription", "pk": 3, "fields": {"user": 1, "page": 6, "comment_notifications": true}}, {"model": "wagtailcore.pagesubscription", "pk": 4, "fields": {"user": 1, "page": 7, "comment_notifications": true}}, {"model": "wagtailcore.pagesubscription", "pk": 5, "fields": {"user": 1, "page": 3, "comment_notifications": false}}, {"model": "auth.permission", "pk": 1, "fields": {"name": "Can add image", "content_type": 2, "codename": "add_image"}}, {"model": "auth.permission", "pk": 2, "fields": {"name": "Can change image", "content_type": 2, "codename": "change_image"}}, {"model": "auth.permission", "pk": 3, "fields": {"name": "Can delete image", "content_type": 2, "codename": "delete_image"}}, {"model": "auth.permission", "pk": 4, "fields": {"name": "Can choose image", "content_type": 2, "codename": "choose_image"}}, {"model": "auth.permission", "pk": 5, "fields": {"name": "Can access Wagtail admin", "content_type": 5, "codename": "access_admin"}}, {"model": "auth.permission", "pk": 6, "fields": {"name": "Can add document", "content_type": 6, "codename": "add_document"}}, {"model": "auth.permission", "pk": 7, "fields": {"name": "Can change document", "content_type": 6, "codename": "change_document"}}, {"model": "auth.permission", "pk": 8, "fields": {"name": "Can delete document", "content_type": 6, "codename": "delete_document"}}, {"model": "auth.permission", "pk": 9, "fields": {"name": "Can choose document", "content_type": 6, "codename": "choose_document"}}, {"model": "auth.permission", "pk": 10, "fields": {"name": "Can add home page", "content_type": 4, "codename": "add_homepage"}}, {"model": "auth.permission", "pk": 11, "fields": {"name": "Can change home page", "content_type": 4, "codename": "change_homepage"}}, {"model": "auth.permission", "pk": 12, "fields": {"name": "Can delete home page", "content_type": 4, "codename": "delete_homepage"}}, {"model": "auth.permission", "pk": 13, "fields": {"name": "Can view home page", "content_type": 4, "codename": "view_homepage"}}, {"model": "auth.permission", "pk": 14, "fields": {"name": "Can add About Page", "content_type": 7, "codename": "add_aboutpage"}}, {"model": "auth.permission", "pk": 15, "fields": {"name": "Can change About Page", "content_type": 7, "codename": "change_aboutpage"}}, {"model": "auth.permission", "pk": 16, "fields": {"name": "Can delete About Page", "content_type": 7, "codename": "delete_aboutpage"}}, {"model": "auth.permission", "pk": 17, "fields": {"name": "Can view About Page", "content_type": 7, "codename": "view_aboutpage"}}, {"model": "auth.permission", "pk": 18, "fields": {"name": "Can add menu", "content_type": 8, "codename": "add_menu"}}, {"model": "auth.permission", "pk": 19, "fields": {"name": "Can change menu", "content_type": 8, "codename": "change_menu"}}, {"model": "auth.permission", "pk": 20, "fields": {"name": "Can delete menu", "content_type": 8, "codename": "delete_menu"}}, {"model": "auth.permission", "pk": 21, "fields": {"name": "Can view menu", "content_type": 8, "codename": "view_menu"}}, {"model": "auth.permission", "pk": 22, "fields": {"name": "Can add menu item", "content_type": 9, "codename": "add_menuitem"}}, {"model": "auth.permission", "pk": 23, "fields": {"name": "Can change menu item", "content_type": 9, "codename": "change_menuitem"}}, {"model": "auth.permission", "pk": 24, "fields": {"name": "Can delete menu item", "content_type": 9, "codename": "delete_menuitem"}}, {"model": "auth.permission", "pk": 25, "fields": {"name": "Can view menu item", "content_type": 9, "codename": "view_menuitem"}}, {"model": "auth.permission", "pk": 26, "fields": {"name": "Can add Physician's Page", "content_type": 10, "codename": "add_physician"}}, {"model": "auth.permission", "pk": 27, "fields": {"name": "Can change Physician's Page", "content_type": 10, "codename": "change_physician"}}, {"model": "auth.permission", "pk": 28, "fields": {"name": "Can delete Physician's Page", "content_type": 10, "codename": "delete_physician"}}, {"model": "auth.permission", "pk": 29, "fields": {"name": "Can view Physician's Page", "content_type": 10, "codename": "view_physician"}}, {"model": "auth.permission", "pk": 30, "fields": {"name": "Can add Patient's Page", "content_type": 11, "codename": "add_patient"}}, {"model": "auth.permission", "pk": 31, "fields": {"name": "Can change Patient's Page", "content_type": 11, "codename": "change_patient"}}, {"model": "auth.permission", "pk": 32, "fields": {"name": "Can delete Patient's Page", "content_type": 11, "codename": "delete_patient"}}, {"model": "auth.permission", "pk": 33, "fields": {"name": "Can view Patient's Page", "content_type": 11, "codename": "view_patient"}}, {"model": "auth.permission", "pk": 34, "fields": {"name": "Can add Contact Page", "content_type": 12, "codename": "add_contact"}}, {"model": "auth.permission", "pk": 35, "fields": {"name": "Can change Contact Page", "content_type": 12, "codename": "change_contact"}}, {"model": "auth.permission", "pk": 36, "fields": {"name": "Can delete Contact Page", "content_type": 12, "codename": "delete_contact"}}, {"model": "auth.permission", "pk": 37, "fields": {"name": "Can view Contact Page", "content_type": 12, "codename": "view_contact"}}, {"model": "auth.permission", "pk": 38, "fields": {"name": "Can add User", "content_type": 13, "codename": "add_user"}}, {"model": "auth.permission", "pk": 39, "fields": {"name": "Can change User", "content_type": 13, "codename": "change_user"}}, {"model": "auth.permission", "pk": 40, "fields": {"name": "Can delete User", "content_type": 13, "codename": "delete_user"}}, {"model": "auth.permission", "pk": 41, "fields": {"name": "Can view User", "content_type": 13, "codename": "view_user"}}, {"model": "auth.permission", "pk": 42, "fields": {"name": "Can add doctor", "content_type": 14, "codename": "add_doctor"}}, {"model": "auth.permission", "pk": 43, "fields": {"name": "Can change doctor", "content_type": 14, "codename": "change_doctor"}}, {"model": "auth.permission", "pk": 44, "fields": {"name": "Can delete doctor", "content_type": 14, "codename": "delete_doctor"}}, {"model": "auth.permission", "pk": 45, "fields": {"name": "Can view doctor", "content_type": 14, "codename": "view_doctor"}}, {"model": "auth.permission", "pk": 46, "fields": {"name": "Can add form submission", "content_type": 15, "codename": "add_formsubmission"}}, {"model": "auth.permission", "pk": 47, "fields": {"name": "Can change form submission", "content_type": 15, "codename": "change_formsubmission"}}, {"model": "auth.permission", "pk": 48, "fields": {"name": "Can delete form submission", "content_type": 15, "codename": "delete_formsubmission"}}, {"model": "auth.permission", "pk": 49, "fields": {"name": "Can view form submission", "content_type": 15, "codename": "view_formsubmission"}}, {"model": "auth.permission", "pk": 50, "fields": {"name": "Can add redirect", "content_type": 16, "codename": "add_redirect"}}, {"model": "auth.permission", "pk": 51, "fields": {"name": "Can change redirect", "content_type": 16, "codename": "change_redirect"}}, {"model": "auth.permission", "pk": 52, "fields": {"name": "Can delete redirect", "content_type": 16, "codename": "delete_redirect"}}, {"model": "auth.permission", "pk": 53, "fields": {"name": "Can view redirect", "content_type": 16, "codename": "view_redirect"}}, {"model": "auth.permission", "pk": 54, "fields": {"name": "Can add embed", "content_type": 17, "codename": "add_embed"}}, {"model": "auth.permission", "pk": 55, "fields": {"name": "Can change embed", "content_type": 17, "codename": "change_embed"}}, {"model": "auth.permission", "pk": 56, "fields": {"name": "Can delete embed", "content_type": 17, "codename": "delete_embed"}}, {"model": "auth.permission", "pk": 57, "fields": {"name": "Can view embed", "content_type": 17, "codename": "view_embed"}}, {"model": "auth.permission", "pk": 58, "fields": {"name": "Can add user profile", "content_type": 18, "codename": "add_userprofile"}}, {"model": "auth.permission", "pk": 59, "fields": {"name": "Can change user profile", "content_type": 18, "codename": "change_userprofile"}}, {"model": "auth.permission", "pk": 60, "fields": {"name": "Can delete user profile", "content_type": 18, "codename": "delete_userprofile"}}, {"model": "auth.permission", "pk": 61, "fields": {"name": "Can view user profile", "content_type": 18, "codename": "view_userprofile"}}, {"model": "auth.permission", "pk": 62, "fields": {"name": "Can view document", "content_type": 6, "codename": "view_document"}}, {"model": "auth.permission", "pk": 63, "fields": {"name": "Can add uploaded document", "content_type": 19, "codename": "add_uploadeddocument"}}, {"model": "auth.permission", "pk": 64, "fields": {"name": "Can change uploaded document", "content_type": 19, "codename": "change_uploadeddocument"}}, {"model": "auth.permission", "pk": 65, "fields": {"name": "Can delete uploaded document", "content_type": 19, "codename": "delete_uploadeddocument"}}, {"model": "auth.permission", "pk": 66, "fields": {"name": "Can view uploaded document", "content_type": 19, "codename": "view_uploadeddocument"}}, {"model": "auth.permission", "pk": 67, "fields": {"name": "Can view image", "content_type": 2, "codename": "view_image"}}, {"model": "auth.permission", "pk": 68, "fields": {"name": "Can add rendition", "content_type": 20, "codename": "add_rendition"}}, {"model": "auth.permission", "pk": 69, "fields": {"name": "Can change rendition", "content_type": 20, "codename": "change_rendition"}}, {"model": "auth.permission", "pk": 70, "fields": {"name": "Can delete rendition", "content_type": 20, "codename": "delete_rendition"}}, {"model": "auth.permission", "pk": 71, "fields": {"name": "Can view rendition", "content_type": 20, "codename": "view_rendition"}}, {"model": "auth.permission", "pk": 72, "fields": {"name": "Can add uploaded image", "content_type": 21, "codename": "add_uploadedimage"}}, {"model": "auth.permission", "pk": 73, "fields": {"name": "Can change uploaded image", "content_type": 21, "codename": "change_uploadedimage"}}, {"model": "auth.permission", "pk": 74, "fields": {"name": "Can delete uploaded image", "content_type": 21, "codename": "delete_uploadedimage"}}, {"model": "auth.permission", "pk": 75, "fields": {"name": "Can view uploaded image", "content_type": 21, "codename": "view_uploadedimage"}}, {"model": "auth.permission", "pk": 76, "fields": {"name": "Can add query", "content_type": 22, "codename": "add_query"}}, {"model": "auth.permission", "pk": 77, "fields": {"name": "Can change query", "content_type": 22, "codename": "change_query"}}, {"model": "auth.permission", "pk": 78, "fields": {"name": "Can delete query", "content_type": 22, "codename": "delete_query"}}, {"model": "auth.permission", "pk": 79, "fields": {"name": "Can view query", "content_type": 22, "codename": "view_query"}}, {"model": "auth.permission", "pk": 80, "fields": {"name": "Can add Query Daily Hits", "content_type": 23, "codename": "add_querydailyhits"}}, {"model": "auth.permission", "pk": 81, "fields": {"name": "Can change Query Daily Hits", "content_type": 23, "codename": "change_querydailyhits"}}, {"model": "auth.permission", "pk": 82, "fields": {"name": "Can delete Query Daily Hits", "content_type": 23, "codename": "delete_querydailyhits"}}, {"model": "auth.permission", "pk": 83, "fields": {"name": "Can view Query Daily Hits", "content_type": 23, "codename": "view_querydailyhits"}}, {"model": "auth.permission", "pk": 84, "fields": {"name": "Can add page", "content_type": 1, "codename": "add_page"}}, {"model": "auth.permission", "pk": 85, "fields": {"name": "Can change page", "content_type": 1, "codename": "change_page"}}, {"model": "auth.permission", "pk": 86, "fields": {"name": "Can delete page", "content_type": 1, "codename": "delete_page"}}, {"model": "auth.permission", "pk": 87, "fields": {"name": "Can view page", "content_type": 1, "codename": "view_page"}}, {"model": "auth.permission", "pk": 88, "fields": {"name": "Can add group page permission", "content_type": 24, "codename": "add_grouppagepermission"}}, {"model": "auth.permission", "pk": 89, "fields": {"name": "Can change group page permission", "content_type": 24, "codename": "change_grouppagepermission"}}, {"model": "auth.permission", "pk": 90, "fields": {"name": "Can delete group page permission", "content_type": 24, "codename": "delete_grouppagepermission"}}, {"model": "auth.permission", "pk": 91, "fields": {"name": "Can view group page permission", "content_type": 24, "codename": "view_grouppagepermission"}}, {"model": "auth.permission", "pk": 92, "fields": {"name": "Can add page revision", "content_type": 25, "codename": "add_pagerevision"}}, {"model": "auth.permission", "pk": 93, "fields": {"name": "Can change page revision", "content_type": 25, "codename": "change_pagerevision"}}, {"model": "auth.permission", "pk": 94, "fields": {"name": "Can delete page revision", "content_type": 25, "codename": "delete_pagerevision"}}, {"model": "auth.permission", "pk": 95, "fields": {"name": "Can view page revision", "content_type": 25, "codename": "view_pagerevision"}}, {"model": "auth.permission", "pk": 96, "fields": {"name": "Can add page view restriction", "content_type": 26, "codename": "add_pageviewrestriction"}}, {"model": "auth.permission", "pk": 97, "fields": {"name": "Can change page view restriction", "content_type": 26, "codename": "change_pageviewrestriction"}}, {"model": "auth.permission", "pk": 98, "fields": {"name": "Can delete page view restriction", "content_type": 26, "codename": "delete_pageviewrestriction"}}, {"model": "auth.permission", "pk": 99, "fields": {"name": "Can view page view restriction", "content_type": 26, "codename": "view_pageviewrestriction"}}, {"model": "auth.permission", "pk": 100, "fields": {"name": "Can add site", "content_type": 27, "codename": "add_site"}}, {"model": "auth.permission", "pk": 101, "fields": {"name": "Can change site", "content_type": 27, "codename": "change_site"}}, {"model": "auth.permission", "pk": 102, "fields": {"name": "Can delete site", "content_type": 27, "codename": "delete_site"}}, {"model": "auth.permission", "pk": 103, "fields": {"name": "Can view site", "content_type": 27, "codename": "view_site"}}, {"model": "auth.permission", "pk": 104, "fields": {"name": "Can add collection", "content_type": 28, "codename": "add_collection"}}, {"model": "auth.permission", "pk": 105, "fields": {"name": "Can change collection", "content_type": 28, "codename": "change_collection"}}, {"model": "auth.permission", "pk": 106, "fields": {"name": "Can delete collection", "content_type": 28, "codename": "delete_collection"}}, {"model": "auth.permission", "pk": 107, "fields": {"name": "Can view collection", "content_type": 28, "codename": "view_collection"}}, {"model": "auth.permission", "pk": 108, "fields": {"name": "Can add group collection permission", "content_type": 29, "codename": "add_groupcollectionpermission"}}, {"model": "auth.permission", "pk": 109, "fields": {"name": "Can change group collection permission", "content_type": 29, "codename": "change_groupcollectionpermission"}}, {"model": "auth.permission", "pk": 110, "fields": {"name": "Can delete group collection permission", "content_type": 29, "codename": "delete_groupcollectionpermission"}}, {"model": "auth.permission", "pk": 111, "fields": {"name": "Can view group collection permission", "content_type": 29, "codename": "view_groupcollectionpermission"}}, {"model": "auth.permission", "pk": 112, "fields": {"name": "Can add collection view restriction", "content_type": 30, "codename": "add_collectionviewrestriction"}}, {"model": "auth.permission", "pk": 113, "fields": {"name": "Can change collection view restriction", "content_type": 30, "codename": "change_collectionviewrestriction"}}, {"model": "auth.permission", "pk": 114, "fields": {"name": "Can delete collection view restriction", "content_type": 30, "codename": "delete_collectionviewrestriction"}}, {"model": "auth.permission", "pk": 115, "fields": {"name": "Can view collection view restriction", "content_type": 30, "codename": "view_collectionviewrestriction"}}, {"model": "auth.permission", "pk": 116, "fields": {"name": "Can add task", "content_type": 31, "codename": "add_task"}}, {"model": "auth.permission", "pk": 117, "fields": {"name": "Can change task", "content_type": 31, "codename": "change_task"}}, {"model": "auth.permission", "pk": 118, "fields": {"name": "Can delete task", "content_type": 31, "codename": "delete_task"}}, {"model": "auth.permission", "pk": 119, "fields": {"name": "Can view task", "content_type": 31, "codename": "view_task"}}, {"model": "auth.permission", "pk": 120, "fields": {"name": "Can add Task state", "content_type": 32, "codename": "add_taskstate"}}, {"model": "auth.permission", "pk": 121, "fields": {"name": "Can change Task state", "content_type": 32, "codename": "change_taskstate"}}, {"model": "auth.permission", "pk": 122, "fields": {"name": "Can delete Task state", "content_type": 32, "codename": "delete_taskstate"}}, {"model": "auth.permission", "pk": 123, "fields": {"name": "Can view Task state", "content_type": 32, "codename": "view_taskstate"}}, {"model": "auth.permission", "pk": 124, "fields": {"name": "Can add workflow", "content_type": 33, "codename": "add_workflow"}}, {"model": "auth.permission", "pk": 125, "fields": {"name": "Can change workflow", "content_type": 33, "codename": "change_workflow"}}, {"model": "auth.permission", "pk": 126, "fields": {"name": "Can delete workflow", "content_type": 33, "codename": "delete_workflow"}}, {"model": "auth.permission", "pk": 127, "fields": {"name": "Can view workflow", "content_type": 33, "codename": "view_workflow"}}, {"model": "auth.permission", "pk": 128, "fields": {"name": "Can add Group approval task", "content_type": 3, "codename": "add_groupapprovaltask"}}, {"model": "auth.permission", "pk": 129, "fields": {"name": "Can change Group approval task", "content_type": 3, "codename": "change_groupapprovaltask"}}, {"model": "auth.permission", "pk": 130, "fields": {"name": "Can delete Group approval task", "content_type": 3, "codename": "delete_groupapprovaltask"}}, {"model": "auth.permission", "pk": 131, "fields": {"name": "Can view Group approval task", "content_type": 3, "codename": "view_groupapprovaltask"}}, {"model": "auth.permission", "pk": 132, "fields": {"name": "Can add Workflow state", "content_type": 34, "codename": "add_workflowstate"}}, {"model": "auth.permission", "pk": 133, "fields": {"name": "Can change Workflow state", "content_type": 34, "codename": "change_workflowstate"}}, {"model": "auth.permission", "pk": 134, "fields": {"name": "Can delete Workflow state", "content_type": 34, "codename": "delete_workflowstate"}}, {"model": "auth.permission", "pk": 135, "fields": {"name": "Can view Workflow state", "content_type": 34, "codename": "view_workflowstate"}}, {"model": "auth.permission", "pk": 136, "fields": {"name": "Can add workflow page", "content_type": 35, "codename": "add_workflowpage"}}, {"model": "auth.permission", "pk": 137, "fields": {"name": "Can change workflow page", "content_type": 35, "codename": "change_workflowpage"}}, {"model": "auth.permission", "pk": 138, "fields": {"name": "Can delete workflow page", "content_type": 35, "codename": "delete_workflowpage"}}, {"model": "auth.permission", "pk": 139, "fields": {"name": "Can view workflow page", "content_type": 35, "codename": "view_workflowpage"}}, {"model": "auth.permission", "pk": 140, "fields": {"name": "Can add workflow task order", "content_type": 36, "codename": "add_workflowtask"}}, {"model": "auth.permission", "pk": 141, "fields": {"name": "Can change workflow task order", "content_type": 36, "codename": "change_workflowtask"}}, {"model": "auth.permission", "pk": 142, "fields": {"name": "Can delete workflow task order", "content_type": 36, "codename": "delete_workflowtask"}}, {"model": "auth.permission", "pk": 143, "fields": {"name": "Can view workflow task order", "content_type": 36, "codename": "view_workflowtask"}}, {"model": "auth.permission", "pk": 144, "fields": {"name": "Can add page log entry", "content_type": 37, "codename": "add_pagelogentry"}}, {"model": "auth.permission", "pk": 145, "fields": {"name": "Can change page log entry", "content_type": 37, "codename": "change_pagelogentry"}}, {"model": "auth.permission", "pk": 146, "fields": {"name": "Can delete page log entry", "content_type": 37, "codename": "delete_pagelogentry"}}, {"model": "auth.permission", "pk": 147, "fields": {"name": "Can view page log entry", "content_type": 37, "codename": "view_pagelogentry"}}, {"model": "auth.permission", "pk": 148, "fields": {"name": "Can add locale", "content_type": 38, "codename": "add_locale"}}, {"model": "auth.permission", "pk": 149, "fields": {"name": "Can change locale", "content_type": 38, "codename": "change_locale"}}, {"model": "auth.permission", "pk": 150, "fields": {"name": "Can delete locale", "content_type": 38, "codename": "delete_locale"}}, {"model": "auth.permission", "pk": 151, "fields": {"name": "Can view locale", "content_type": 38, "codename": "view_locale"}}, {"model": "auth.permission", "pk": 152, "fields": {"name": "Can add comment", "content_type": 39, "codename": "add_comment"}}, {"model": "auth.permission", "pk": 153, "fields": {"name": "Can change comment", "content_type": 39, "codename": "change_comment"}}, {"model": "auth.permission", "pk": 154, "fields": {"name": "Can delete comment", "content_type": 39, "codename": "delete_comment"}}, {"model": "auth.permission", "pk": 155, "fields": {"name": "Can view comment", "content_type": 39, "codename": "view_comment"}}, {"model": "auth.permission", "pk": 156, "fields": {"name": "Can add comment reply", "content_type": 40, "codename": "add_commentreply"}}, {"model": "auth.permission", "pk": 157, "fields": {"name": "Can change comment reply", "content_type": 40, "codename": "change_commentreply"}}, {"model": "auth.permission", "pk": 158, "fields": {"name": "Can delete comment reply", "content_type": 40, "codename": "delete_commentreply"}}, {"model": "auth.permission", "pk": 159, "fields": {"name": "Can view comment reply", "content_type": 40, "codename": "view_commentreply"}}, {"model": "auth.permission", "pk": 160, "fields": {"name": "Can add page subscription", "content_type": 41, "codename": "add_pagesubscription"}}, {"model": "auth.permission", "pk": 161, "fields": {"name": "Can change page subscription", "content_type": 41, "codename": "change_pagesubscription"}}, {"model": "auth.permission", "pk": 162, "fields": {"name": "Can delete page subscription", "content_type": 41, "codename": "delete_pagesubscription"}}, {"model": "auth.permission", "pk": 163, "fields": {"name": "Can view page subscription", "content_type": 41, "codename": "view_pagesubscription"}}, {"model": "auth.permission", "pk": 164, "fields": {"name": "Can add tag", "content_type": 42, "codename": "add_tag"}}, {"model": "auth.permission", "pk": 165, "fields": {"name": "Can change tag", "content_type": 42, "codename": "change_tag"}}, {"model": "auth.permission", "pk": 166, "fields": {"name": "Can delete tag", "content_type": 42, "codename": "delete_tag"}}, {"model": "auth.permission", "pk": 167, "fields": {"name": "Can view tag", "content_type": 42, "codename": "view_tag"}}, {"model": "auth.permission", "pk": 168, "fields": {"name": "Can add tagged item", "content_type": 43, "codename": "add_taggeditem"}}, {"model": "auth.permission", "pk": 169, "fields": {"name": "Can change tagged item", "content_type": 43, "codename": "change_taggeditem"}}, {"model": "auth.permission", "pk": 170, "fields": {"name": "Can delete tagged item", "content_type": 43, "codename": "delete_taggeditem"}}, {"model": "auth.permission", "pk": 171, "fields": {"name": "Can view tagged item", "content_type": 43, "codename": "view_taggeditem"}}, {"model": "auth.permission", "pk": 172, "fields": {"name": "Can add log entry", "content_type": 44, "codename": "add_logentry"}}, {"model": "auth.permission", "pk": 173, "fields": {"name": "Can change log entry", "content_type": 44, "codename": "change_logentry"}}, {"model": "auth.permission", "pk": 174, "fields": {"name": "Can delete log entry", "content_type": 44, "codename": "delete_logentry"}}, {"model": "auth.permission", "pk": 175, "fields": {"name": "Can view log entry", "content_type": 44, "codename": "view_logentry"}}, {"model": "auth.permission", "pk": 176, "fields": {"name": "Can add permission", "content_type": 45, "codename": "add_permission"}}, {"model": "auth.permission", "pk": 177, "fields": {"name": "Can change permission", "content_type": 45, "codename": "change_permission"}}, {"model": "auth.permission", "pk": 178, "fields": {"name": "Can delete permission", "content_type": 45, "codename": "delete_permission"}}, {"model": "auth.permission", "pk": 179, "fields": {"name": "Can view permission", "content_type": 45, "codename": "view_permission"}}, {"model": "auth.permission", "pk": 180, "fields": {"name": "Can add group", "content_type": 46, "codename": "add_group"}}, {"model": "auth.permission", "pk": 181, "fields": {"name": "Can change group", "content_type": 46, "codename": "change_group"}}, {"model": "auth.permission", "pk": 182, "fields": {"name": "Can delete group", "content_type": 46, "codename": "delete_group"}}, {"model": "auth.permission", "pk": 183, "fields": {"name": "Can view group", "content_type": 46, "codename": "view_group"}}, {"model": "auth.permission", "pk": 184, "fields": {"name": "Can add user", "content_type": 47, "codename": "add_user"}}, {"model": "auth.permission", "pk": 185, "fields": {"name": "Can change user", "content_type": 47, "codename": "change_user"}}, {"model": "auth.permission", "pk": 186, "fields": {"name": "Can delete user", "content_type": 47, "codename": "delete_user"}}, {"model": "auth.permission", "pk": 187, "fields": {"name": "Can view user", "content_type": 47, "codename": "view_user"}}, {"model": "auth.permission", "pk": 188, "fields": {"name": "Can add content type", "content_type": 48, "codename": "add_contenttype"}}, {"model": "auth.permission", "pk": 189, "fields": {"name": "Can change content type", "content_type": 48, "codename": "change_contenttype"}}, {"model": "auth.permission", "pk": 190, "fields": {"name": "Can delete content type", "content_type": 48, "codename": "delete_contenttype"}}, {"model": "auth.permission", "pk": 191, "fields": {"name": "Can view content type", "content_type": 48, "codename": "view_contenttype"}}, {"model": "auth.permission", "pk": 192, "fields": {"name": "Can add session", "content_type": 49, "codename": "add_session"}}, {"model": "auth.permission", "pk": 193, "fields": {"name": "Can change session", "content_type": 49, "codename": "change_session"}}, {"model": "auth.permission", "pk": 194, "fields": {"name": "Can delete session", "content_type": 49, "codename": "delete_session"}}, {"model": "auth.permission", "pk": 195, "fields": {"name": "Can view session", "content_type": 49, "codename": "view_session"}}, {"model": "auth.permission", "pk": 196, "fields": {"name": "Can add site", "content_type": 50, "codename": "add_site"}}, {"model": "auth.permission", "pk": 197, "fields": {"name": "Can change site", "content_type": 50, "codename": "change_site"}}, {"model": "auth.permission", "pk": 198, "fields": {"name": "Can delete site", "content_type": 50, "codename": "delete_site"}}, {"model": "auth.permission", "pk": 199, "fields": {"name": "Can view site", "content_type": 50, "codename": "view_site"}}, {"model": "auth.permission", "pk": 200, "fields": {"name": "Can add email address", "content_type": 51, "codename": "add_emailaddress"}}, {"model": "auth.permission", "pk": 201, "fields": {"name": "Can change email address", "content_type": 51, "codename": "change_emailaddress"}}, {"model": "auth.permission", "pk": 202, "fields": {"name": "Can delete email address", "content_type": 51, "codename": "delete_emailaddress"}}, {"model": "auth.permission", "pk": 203, "fields": {"name": "Can view email address", "content_type": 51, "codename": "view_emailaddress"}}, {"model": "auth.permission", "pk": 204, "fields": {"name": "Can add email confirmation", "content_type": 52, "codename": "add_emailconfirmation"}}, {"model": "auth.permission", "pk": 205, "fields": {"name": "Can change email confirmation", "content_type": 52, "codename": "change_emailconfirmation"}}, {"model": "auth.permission", "pk": 206, "fields": {"name": "Can delete email confirmation", "content_type": 52, "codename": "delete_emailconfirmation"}}, {"model": "auth.permission", "pk": 207, "fields": {"name": "Can view email confirmation", "content_type": 52, "codename": "view_emailconfirmation"}}, {"model": "auth.permission", "pk": 208, "fields": {"name": "Can add social account", "content_type": 53, "codename": "add_socialaccount"}}, {"model": "auth.permission", "pk": 209, "fields": {"name": "Can change social account", "content_type": 53, "codename": "change_socialaccount"}}, {"model": "auth.permission", "pk": 210, "fields": {"name": "Can delete social account", "content_type": 53, "codename": "delete_socialaccount"}}, {"model": "auth.permission", "pk": 211, "fields": {"name": "Can view social account", "content_type": 53, "codename": "view_socialaccount"}}, {"model": "auth.permission", "pk": 212, "fields": {"name": "Can add social application", "content_type": 54, "codename": "add_socialapp"}}, {"model": "auth.permission", "pk": 213, "fields": {"name": "Can change social application", "content_type": 54, "codename": "change_socialapp"}}, {"model": "auth.permission", "pk": 214, "fields": {"name": "Can delete social application", "content_type": 54, "codename": "delete_socialapp"}}, {"model": "auth.permission", "pk": 215, "fields": {"name": "Can view social application", "content_type": 54, "codename": "view_socialapp"}}, {"model": "auth.permission", "pk": 216, "fields": {"name": "Can add social application token", "content_type": 55, "codename": "add_socialtoken"}}, {"model": "auth.permission", "pk": 217, "fields": {"name": "Can change social application token", "content_type": 55, "codename": "change_socialtoken"}}, {"model": "auth.permission", "pk": 218, "fields": {"name": "Can delete social application token", "content_type": 55, "codename": "delete_socialtoken"}}, {"model": "auth.permission", "pk": 219, "fields": {"name": "Can view social application token", "content_type": 55, "codename": "view_socialtoken"}}, {"model": "auth.group", "pk": 1, "fields": {"name": "Moderators", "permissions": [5, 6, 7, 9, 8, 1, 2, 3]}}, {"model": "auth.group", "pk": 2, "fields": {"name": "Editors", "permissions": [5, 6, 7, 9, 8, 1, 2, 3]}}, {"model": "auth.user", "pk": 1, "fields": {"password": "pbkdf2_sha256$260000$XSmQAOfViAdbQmWjFi5GLO$NIAOKK06zMKlfHqJw/XHe4jkQBXXvNuzjgd+srpFwP0=", "last_login": "2021-11-05T22:38:42.007Z", "is_superuser": true, "username": "zura", "first_name": "", "last_name": "", "email": "", "is_staff": true, "is_active": true, "date_joined": "2021-11-05T21:41:41.311Z", "groups": [], "user_permissions": []}}, {"model": "contenttypes.contenttype", "pk": 1, "fields": {"app_label": "wagtailcore", "model": "page"}}, {"model": "contenttypes.contenttype", "pk": 2, "fields": {"app_label": "wagtailimages", "model": "image"}}, {"model": "contenttypes.contenttype", "pk": 3, "fields": {"app_label": "wagtailcore", "model": "groupapprovaltask"}}, {"model": "contenttypes.contenttype", "pk": 4, "fields": {"app_label": "home", "model": "homepage"}}, {"model": "contenttypes.contenttype", "pk": 5, "fields": {"app_label": "wagtailadmin", "model": "admin"}}, {"model": "contenttypes.contenttype", "pk": 6, "fields": {"app_label": "wagtaildocs", "model": "document"}}, {"model": "contenttypes.contenttype", "pk": 7, "fields": {"app_label": "about", "model": "aboutpage"}}, {"model": "contenttypes.contenttype", "pk": 8, "fields": {"app_label": "menus", "model": "menu"}}, {"model": "contenttypes.contenttype", "pk": 9, "fields": {"app_label": "menus", "model": "menuitem"}}, {"model": "contenttypes.contenttype", "pk": 10, "fields": {"app_label": "physician", "model": "physician"}}, {"model": "contenttypes.contenttype", "pk": 11, "fields": {"app_label": "patient", "model": "patient"}}, {"model": "contenttypes.contenttype", "pk": 12, "fields": {"app_label": "contact", "model": "contact"}}, {"model": "contenttypes.contenttype", "pk": 13, "fields": {"app_label": "users", "model": "user"}}, {"model": "contenttypes.contenttype", "pk": 14, "fields": {"app_label": "users", "model": "doctor"}}, {"model": "contenttypes.contenttype", "pk": 15, "fields": {"app_label": "wagtailforms", "model": "formsubmission"}}, {"model": "contenttypes.contenttype", "pk": 16, "fields": {"app_label": "wagtailredirects", "model": "redirect"}}, {"model": "contenttypes.contenttype", "pk": 17, "fields": {"app_label": "wagtailembeds", "model": "embed"}}, {"model": "contenttypes.contenttype", "pk": 18, "fields": {"app_label": "wagtailusers", "model": "userprofile"}}, {"model": "contenttypes.contenttype", "pk": 19, "fields": {"app_label": "wagtaildocs", "model": "uploadeddocument"}}, {"model": "contenttypes.contenttype", "pk": 20, "fields": {"app_label": "wagtailimages", "model": "rendition"}}, {"model": "contenttypes.contenttype", "pk": 21, "fields": {"app_label": "wagtailimages", "model": "uploadedimage"}}, {"model": "contenttypes.contenttype", "pk": 22, "fields": {"app_label": "wagtailsearch", "model": "query"}}, {"model": "contenttypes.contenttype", "pk": 23, "fields": {"app_label": "wagtailsearch", "model": "querydailyhits"}}, {"model": "contenttypes.contenttype", "pk": 24, "fields": {"app_label": "wagtailcore", "model": "grouppagepermission"}}, {"model": "contenttypes.contenttype", "pk": 25, "fields": {"app_label": "wagtailcore", "model": "pagerevision"}}, {"model": "contenttypes.contenttype", "pk": 26, "fields": {"app_label": "wagtailcore", "model": "pageviewrestriction"}}, {"model": "contenttypes.contenttype", "pk": 27, "fields": {"app_label": "wagtailcore", "model": "site"}}, {"model": "contenttypes.contenttype", "pk": 28, "fields": {"app_label": "wagtailcore", "model": "collection"}}, {"model": "contenttypes.contenttype", "pk": 29, "fields": {"app_label": "wagtailcore", "model": "groupcollectionpermission"}}, {"model": "contenttypes.contenttype", "pk": 30, "fields": {"app_label": "wagtailcore", "model": "collectionviewrestriction"}}, {"model": "contenttypes.contenttype", "pk": 31, "fields": {"app_label": "wagtailcore", "model": "task"}}, {"model": "contenttypes.contenttype", "pk": 32, "fields": {"app_label": "wagtailcore", "model": "taskstate"}}, {"model": "contenttypes.contenttype", "pk": 33, "fields": {"app_label": "wagtailcore", "model": "workflow"}}, {"model": "contenttypes.contenttype", "pk": 34, "fields": {"app_label": "wagtailcore", "model": "workflowstate"}}, {"model": "contenttypes.contenttype", "pk": 35, "fields": {"app_label": "wagtailcore", "model": "workflowpage"}}, {"model": "contenttypes.contenttype", "pk": 36, "fields": {"app_label": "wagtailcore", "model": "workflowtask"}}, {"model": "contenttypes.contenttype", "pk": 37, "fields": {"app_label": "wagtailcore", "model": "pagelogentry"}}, {"model": "contenttypes.contenttype", "pk": 38, "fields": {"app_label": "wagtailcore", "model": "locale"}}, {"model": "contenttypes.contenttype", "pk": 39, "fields": {"app_label": "wagtailcore", "model": "comment"}}, {"model": "contenttypes.contenttype", "pk": 40, "fields": {"app_label": "wagtailcore", "model": "commentreply"}}, {"model": "contenttypes.contenttype", "pk": 41, "fields": {"app_label": "wagtailcore", "model": "pagesubscription"}}, {"model": "contenttypes.contenttype", "pk": 42, "fields": {"app_label": "taggit", "model": "tag"}}, {"model": "contenttypes.contenttype", "pk": 43, "fields": {"app_label": "taggit", "model": "taggeditem"}}, {"model": "contenttypes.contenttype", "pk": 44, "fields": {"app_label": "admin", "model": "logentry"}}, {"model": "contenttypes.contenttype", "pk": 45, "fields": {"app_label": "auth", "model": "permission"}}, {"model": "contenttypes.contenttype", "pk": 46, "fields": {"app_label": "auth", "model": "group"}}, {"model": "contenttypes.contenttype", "pk": 47, "fields": {"app_label": "auth", "model": "user"}}, {"model": "contenttypes.contenttype", "pk": 48, "fields": {"app_label": "contenttypes", "model": "contenttype"}}, {"model": "contenttypes.contenttype", "pk": 49, "fields": {"app_label": "sessions", "model": "session"}}, {"model": "contenttypes.contenttype", "pk": 50, "fields": {"app_label": "sites", "model": "site"}}, {"model": "contenttypes.contenttype", "pk": 51, "fields": {"app_label": "account", "model": "emailaddress"}}, {"model": "contenttypes.contenttype", "pk": 52, "fields": {"app_label": "account", "model": "emailconfirmation"}}, {"model": "contenttypes.contenttype", "pk": 53, "fields": {"app_label": "socialaccount", "model": "socialaccount"}}, {"model": "contenttypes.contenttype", "pk": 54, "fields": {"app_label": "socialaccount", "model": "socialapp"}}, {"model": "contenttypes.contenttype", "pk": 55, "fields": {"app_label": "socialaccount", "model": "socialtoken"}}, {"model": "sites.site", "pk": 1, "fields": {"domain": "example.com", "name": "example.com"}}]