[{ "model": "home.homepage", "pk": 3, "fields": { "banner_text": "<h2 data-block-key=\"5xxur\">CONNECT AND ENGAGE PATIENTS TO IMPROVE OUTCOME</h2>", "secondary_text": "<p data-block-key=\"ww02s\">Hero Text</p>", "photo": 3, "content_title": "<p data-block-key=\"ibwav\">Content Title</p>", "content_p": "<p data-block-key=\"vnvkv\">Content Secondary Title</p>", "content_text": "<p data-block-key=\"92zhp\">Content Text</p>", "content_photo1": 4, "content_photo2": 3, "card_photo1": 12, "first_card_title": "<h3 data-block-key=\"eaad3\">First Card Title</h3>", "card_photo2": 12, "second_card_title": "<h3 data-block-key=\"b4qxr\">Second Card Title</h3>", "card_photo3": 12, "third_card_title": "<h3 data-block-key=\"1urp2\">Third Card Title</h3>", "card_photo4": 12, "fourth_card_title": "<h3 data-block-key=\"7pirz\">Fourth Card Title</h3>", "first_card_text": "<p data-block-key=\"ku04q\"><b>First Card Text</b></p>", "second_card_text": "<p data-block-key=\"lam0e\"><b>Second Card Text</b></p>", "third_card_text": "<p data-block-key=\"mnmor\"><b>Third Card Text</b></p>", "fourth_card_text": "<p data-block-key=\"7wrvr\"><b>Fourth Card Text</b></p>", "bcontent_title": "<p data-block-key=\"ztayr\">Bottom Content Title</p>", "bcontent_text": "<p data-block-key=\"ls9ip\">Bottom Content Text</p>", "founder_text": "<p data-block-key=\"0pne2\">Founder Founder</p>", "bcontent_signature": 3, "bcontent_photo": 4, "res_list1": "Test 1", "res_list2": "Test2", "res_list3": "Test3", "res_list4": "Test4", "res_list5": "Test5", "res_list6": "Test6", "owl_title": "<p data-block-key=\"m5bnz\">Owl Title</p>", "owl_text": "<p data-block-key=\"pi2oi\">Owl Text</p>", "owl_photo1": 4, "content_title1": "<p data-block-key=\"kkzrq\">First Owl Title</p>", "content_text1": "<p data-block-key=\"ufl80\">First Owl Text</p>", "owl_photo2": 3, "content_title2": "<p data-block-key=\"09ls8\">Second Owl Title</p>", "content_text2": "<p data-block-key=\"ijgtg\">Second Owl Text</p>", "owl_photo3": 10, "content_title3": "<p data-block-key=\"9sjwc\">Third Owl Title</p>", "content_text3": "<p data-block-key=\"hzlun\">Third Owl Text</p>", "owl_photo4": 11, "content_title4": "<p data-block-key=\"snd0l\">Fourth Owl Title</p>", "content_text4": "<p data-block-key=\"y1uay\">Fourth Owl Text</p>", "quote_photo": 7, "quote_title": "<p data-block-key=\"36za0\">Quote Title</p>", "quote_text": "<p data-block-key=\"ci9eh\">Quote Text</p>", "skill_photo": 3, "skill_title": "<h2 data-block-key=\"csz24\">Type Your Title Here Title Here </h2>", "skill1": "<p data-block-key=\"ycxgt\">fndskjnfksdnfn,dsnfmsmdfnsd,mfsndsdjkhfjksdnfknsdnf,msdnfm,sndfjkhsdjfbsdfsd</p>", "skill2": "<p data-block-key=\"9i35s\">Second Skill</p>", "skill3": "<p data-block-key=\"iv6jp\">Third Skill</p>", "embed_video": "<p data-block-key=\"ia2xh\"></p><embed embedtype=\"media\" url=\"https://www.youtube.com/watch?v=kxPCFljwJws\"/><p data-block-key=\"7tuq9\"></p><p data-block-key=\"fshq4\"></p>" } }, { "model": "about.aboutpage", "pk": 4, "fields": { "logo": 1, "page_title": "<p data-block-key=\"5vcua\">Test Heading</p>", "page_text": "<p data-block-key=\"b87b1\">Test Text</p>", "content_photo": 2, "content_title": "<p data-block-key=\"dxrmc\">Test Title</p>", "content_text": "<p data-block-key=\"rmfwd\">Test Text</p>", "mid_content_title1": "<p data-block-key=\"05g6g\">Middle Content Title (1)</p>", "mid_content_title2": "<p data-block-key=\"x4n12\">Middle Content Title (2)</p>", "mid_content_text1": "<p data-block-key=\"gr1ws\">Middle Content Text (1)</p>", "mid_content_text2": "<p data-block-key=\"v3q0y\">Middle Content Text (2)</p>", "mid_content_photo1": 3, "mid_content_photo2": 4, "banner_title": "<p data-block-key=\"bhnz3\">Banner Text</p>", "banner_image": 5, "banner_text": "<p data-block-key=\"0r8t9\">Banner Text (2)</p>", "bot_content_title": "<p data-block-key=\"vcr55\">Bottom Content Title </p>", "bot_content_title_dropdown1": "<p data-block-key=\"1volu\">First Dd Title</p>", "bot_content_text_dropdown1": "<p data-block-key=\"sqxr4\">First Dd Text</p>", "bot_content_title_dropdown2": "<p data-block-key=\"rass2\">Second Dd Title </p>", "bot_content_text_dropdown2": "<p data-block-key=\"dqlxb\">Second Dd Text</p>", "bot_content_title_dropdown3": "<p data-block-key=\"yqi20\">Third Dd Title</p>", "bot_content_text_dropdown3": "<p data-block-key=\"v4l28\">Third Dd Text</p>", "bot_content_title_dropdown4": "<p data-block-key=\"1zmbn\">Fourth Dd Title </p>", "bot_content_text_dropdown4": "<p data-block-key=\"z0f0r\">Fourth Dd Text</p>", "bot_content_photo": 6, "director_board_title": "<h2 data-block-key=\"c2u5z\">Director&#x27;s Board Title</h2>", "first_board_member_photo": 8, "board_member_text1": "<p data-block-key=\"y6zs9\"><i>Board Member Text (1)</i></p>", "second_board_member_photo": 9, "board_member_text2": "<p data-block-key=\"xf16y\"><i>Board Member Text (2)</i></p>", "third_board_member_photo": 10, "board_member_text3": "<p data-block-key=\"xzkfd\"><i>Board Member Text (3)</i></p>", "fourth_board_member_photo": 11, "board_member_text4": "<p data-block-key=\"cbffy\"><i>Fourth Board Member Text (4)</i></p>" } }, { "model": "menus.menuitem", "pk": 4, "fields": { "sort_order": 0, "link_title": "Home", "link_url": "", "link_page": 3, "open_in_new_tab": false, "page": 1 } }, { "model": "menus.menuitem", "pk": 6, "fields": { "sort_order": 1, "link_title": "Physician", "link_url": "", "link_page": 5, "open_in_new_tab": false, "page": 1 } }, { "model": "menus.menuitem", "pk": 7, "fields": { "sort_order": 2, "link_title": "Patient", "link_url": "", "link_page": 6, "open_in_new_tab": false, "page": 1 } }, { "model": "menus.menuitem", "pk": 8, "fields": { "sort_order": 3, "link_title": "About Us", "link_url": "", "link_page": 4, "open_in_new_tab": false, "page": 1 } }, { "model": "menus.menuitem", "pk": 9, "fields": { "sort_order": 4, "link_title": "Contact", "link_url": "", "link_page": 7, "open_in_new_tab": false, "page": 1 } }, { "model": "menus.menuitem", "pk": 10, "fields": { "sort_order": 0, "link_title": "Home", "link_url": "", "link_page": 3, "open_in_new_tab": false, "page": 2 } }, { "model": "menus.menuitem", "pk": 11, "fields": { "sort_order": 1, "link_title": "Physician", "link_url": "", "link_page": 5, "open_in_new_tab": false, "page": 2 } }, { "model": "menus.menuitem", "pk": 12, "fields": { "sort_order": 2, "link_title": "Patient", "link_url": "", "link_page": 6, "open_in_new_tab": false, "page": 2 } }, { "model": "menus.menuitem", "pk": 13, "fields": { "sort_order": 3, "link_title": "Contact", "link_url": "", "link_page": 7, "open_in_new_tab": false, "page": 2 } }, { "model": "menus.menu", "pk": 1, "fields": { "title": "Main", "slug": "main", "nav_logo": 13, "link_page_logo": 3 } }, { "model": "menus.menu", "pk": 2, "fields": { "title": "Footer", "slug": "footer", "nav_logo": null, "link_page_logo": null } }, { "model": "physician.physician", "pk": 5, "fields": { "top_content_photo": 4, "top_content_title": "<p data-block-key=\"599tn\">Top Content Title</p>", "top_content_text": "<p data-block-key=\"ycy42\">Top Content Text</p>", "middle_content_photo": 3, "middle_content_title": "<p data-block-key=\"7ln35\">Middle Content Title</p>", "middle_content_text": "<p data-block-key=\"sz2ek\">Middle Content Text</p>", "bottom_content_photo": 4, "bottom_content_title": "<p data-block-key=\"5qogg\">Bottom Content Title</p>", "bottom_content_text": "<p data-block-key=\"0zcmg\">Bottom Content Text</p>", "banner_text": "<p data-block-key=\"ct4ew\">Banner Text</p>", "phone_number": "<p data-block-key=\"yakvl\">Phone Number</p>", "email_adress": "<p data-block-key=\"nobq2\">Email Adress</p>" } }, { "model": "patient.patient", "pk": 6, "fields": { "page_title": "<p data-block-key=\"vp8rv\">Title</p>", "page_text": "<p data-block-key=\"t86s6\">Text</p>", "first_card_photo": 4, "first_card_title": "<p data-block-key=\"ai3uo\">First Card Title</p>", "first_card_text": "<p data-block-key=\"5ydzp\"><b>First Card Text</b></p>", "second_card_photo": 3, "second_card_title": "<p data-block-key=\"8597l\">Second Card Title</p>", "second_card_text": "<p data-block-key=\"kz8bw\">Second Card Text</p>", "third_card_photo": 4, "third_card_title": "<p data-block-key=\"23krp\">Third Card Title </p>", "third_card_text": "<p data-block-key=\"amgl5\">Third Card Text</p>", "fourth_card_photo": 3, "fourth_card_title": "<p data-block-key=\"07uw3\">Fourth Card title </p>", "fourth_card_text": "<p data-block-key=\"uk567\">Fourth Card Text</p>", "fifth_card_photo": 4, "fifth_card_title": "<p data-block-key=\"yk1y1\">Fifrth Card Title </p>", "fifth_card_text": "<p data-block-key=\"j834a\">Fifth Card Text</p>" } }, { "model": "contact.contact", "pk": 7, "fields": { "left_block_title": "<p data-block-key=\"s0ay3\">Contact Title</p>", "left_block_text": "<p data-block-key=\"ajyss\">Contact Text</p>", "office_address": "<p data-block-key=\"96tn1\">Office Adress</p>", "factory_address": "<p data-block-key=\"uvofd\">Factory Adress</p>", "email_address": "<p data-block-key=\"fgcm1\">Email Adress</p>", "phone_number_c": "<p data-block-key=\"na276\">Phone Number</p>", "form_title": "<p data-block-key=\"ndgeb\">Title</p>" } }, { "model": "users.doctor", "pk": 1, "fields": { "name": "Dato" } }, { "model": "wagtailembeds.embed", "pk": 1, "fields": { "url": "https://www.youtube.com/watch?v=kxPCFljwJws", "max_width": null, "hash": "34c068a0524e167fa24091ace5b127e4", "type": "video", "html": "<iframe width=\"200\" height=\"113\" src=\"https://www.youtube.com/embed/kxPCFljwJws?feature=oembed\" frameborder=\"0\" allow=\"accelerometer; autoplay; clipboard-write; encrypted-media; gyroscope; picture-in-picture\" allowfullscreen></iframe>", "title": "Amazing American Museum of Natural History in New York / From the Movie: Night at the Museum", "author_name": "inselvideo", "provider_name": "YouTube", "thumbnail_url": "https://i.ytimg.com/vi/kxPCFljwJws/hqdefault.jpg", "width": 200, "height": 113, "last_updated": "2021-10-23T12:51:59.390Z", "cache_until": null } }, { "model": "wagtailembeds.embed", "pk": 2, "fields": { "url": "https://www.youtube.com/watch?v=vXmqauitBkM", "max_width": null, "hash": "13be3b7f789061aabb03a97ff735c549", "type": "video", "html": "<iframe width=\"200\" height=\"150\" src=\"https://www.youtube.com/embed/vXmqauitBkM?feature=oembed\" frameborder=\"0\" allow=\"accelerometer; autoplay; clipboard-write; encrypted-media; gyroscope; picture-in-picture\" allowfullscreen></iframe>", "title": "Outkast - SpottieOttieDopaliscious", "author_name": "FiveAnimalsMedia", "provider_name": "YouTube", "thumbnail_url": "https://i.ytimg.com/vi/vXmqauitBkM/hqdefault.jpg", "width": 200, "height": 150, "last_updated": "2021-11-03T16:20:11.765Z", "cache_until": null } }, { "model": "wagtailimages.image", "pk": 1, "fields": { "collection": 1, "title": "2.jpg", "file": "original_images/2.jpg", "width": 1920, "height": 760, "created_at": "2021-10-21T16:43:51.954Z", "uploaded_by_user": 1, "focal_point_x": null, "focal_point_y": null, "focal_point_width": null, "focal_point_height": null, "file_size": 343496, "file_hash": "0d4db0e04706ea4c9b2af751c40f515b784e0f83" } }, { "model": "wagtailimages.image", "pk": 2, "fields": { "collection": 1, "title": "service-11.jpg", "file": "original_images/service-11.jpg", "width": 750, "height": 430, "created_at": "2021-10-21T21:08:40.473Z", "uploaded_by_user": 1, "focal_point_x": null, "focal_point_y": null, "focal_point_width": null, "focal_point_height": null, "file_size": 150561, "file_hash": "f0f456bde6321ad73f287eeb56ae583edf964f48" } }, { "model": "wagtailimages.image", "pk": 3, "fields": { "collection": 1, "title": "shop-8.jpg", "file": "original_images/shop-8.jpg", "width": 370, "height": 250, "created_at": "2021-10-21T21:12:24.799Z", "uploaded_by_user": 1, "focal_point_x": null, "focal_point_y": null, "focal_point_width": null, "focal_point_height": null, "file_size": 101601, "file_hash": "2eb7f7399d075e0d2834a5e43d683e4e295647cc" } }, { "model": "wagtailimages.image", "pk": 4, "fields": { "collection": 1, "title": "shop-9.jpg", "file": "original_images/shop-9.jpg", "width": 370, "height": 250, "created_at": "2021-10-21T21:12:35.882Z", "uploaded_by_user": 1, "focal_point_x": null, "focal_point_y": null, "focal_point_width": null, "focal_point_height": null, "file_size": 61508, "file_hash": "6f4c87c3c8991e3761f24a6814e447946b80a7d6" } }, { "model": "wagtailimages.image", "pk": 5, "fields": { "collection": 1, "title": "testimonial-bg.jpg", "file": "original_images/testimonial-bg.jpg", "width": 1920, "height": 600, "created_at": "2021-10-21T21:14:05.687Z", "uploaded_by_user": 1, "focal_point_x": null, "focal_point_y": null, "focal_point_width": null, "focal_point_height": null, "file_size": 224832, "file_hash": "a588ac908eee43b5aa5c3e931518a705018892bd" } }, { "model": "wagtailimages.image", "pk": 6, "fields": { "collection": 1, "title": "featured-image-1.png", "file": "original_images/featured-image-1.png", "width": 446, "height": 676, "created_at": "2021-10-21T21:16:26.226Z", "uploaded_by_user": 1, "focal_point_x": null, "focal_point_y": null, "focal_point_width": null, "focal_point_height": null, "file_size": 316408, "file_hash": "a1a2075ba33d76f9156944d605e9f4e9b0ce0d04" } }, { "model": "wagtailimages.image", "pk": 7, "fields": { "collection": 1, "title": "testimonial-4.png", "file": "original_images/testimonial-4.png", "width": 82, "height": 82, "created_at": "2021-10-21T21:17:10.819Z", "uploaded_by_user": 1, "focal_point_x": null, "focal_point_y": null, "focal_point_width": null, "focal_point_height": null, "file_size": 14672, "file_hash": "9633ed0a884da388e54f6829b750bce8e7669829" } }, { "model": "wagtailimages.image", "pk": 8, "fields": { "collection": 1, "title": "team-1.jpg", "file": "original_images/team-1.jpg", "width": 260, "height": 230, "created_at": "2021-10-21T21:17:34.621Z", "uploaded_by_user": 1, "focal_point_x": null, "focal_point_y": null, "focal_point_width": null, "focal_point_height": null, "file_size": 64870, "file_hash": "55d668e8a3fa74e46f63c834cb421fe7e8ef09b5" } }, { "model": "wagtailimages.image", "pk": 9, "fields": { "collection": 1, "title": "team-9.jpg", "file": "original_images/team-9.jpg", "width": 270, "height": 330, "created_at": "2021-10-21T21:18:11.883Z", "uploaded_by_user": 1, "focal_point_x": null, "focal_point_y": null, "focal_point_width": null, "focal_point_height": null, "file_size": 58382, "file_hash": "8d620df58cb3db02a7d5e7e0a0edc096f97e1477" } }, { "model": "wagtailimages.image", "pk": 10, "fields": { "collection": 1, "title": "team-2.jpg", "file": "original_images/team-2.jpg", "width": 260, "height": 230, "created_at": "2021-10-21T21:18:26.888Z", "uploaded_by_user": 1, "focal_point_x": null, "focal_point_y": null, "focal_point_width": null, "focal_point_height": null, "file_size": 58267, "file_hash": "c1bff78e478b6e56c9bb2333331e67f770c00c48" } }, { "model": "wagtailimages.image", "pk": 11, "fields": { "collection": 1, "title": "team-4.jpg", "file": "original_images/team-4.jpg", "width": 262, "height": 230, "created_at": "2021-10-21T21:19:01.805Z", "uploaded_by_user": 1, "focal_point_x": null, "focal_point_y": null, "focal_point_width": null, "focal_point_height": null, "file_size": 60221, "file_hash": "971acac953a2b3148fe125b8b81655f8ee9d5e70" } }, { "model": "wagtailimages.image", "pk": 12, "fields": { "collection": 1, "title": "57.max-165x165.png", "file": "original_images/57.max-165x165.png", "width": 128, "height": 128, "created_at": "2021-10-23T12:48:08.888Z", "uploaded_by_user": 1, "focal_point_x": null, "focal_point_y": null, "focal_point_width": null, "focal_point_height": null, "file_size": 4507, "file_hash": "409bd78f667283063203f9041a2c49fd4b794f99" } }, { "model": "wagtailimages.image", "pk": 13, "fields": { "collection": 1, "title": "adaptiv.webp", "file": "original_images/adaptiv.webp", "width": 284, "height": 68, "created_at": "2021-10-23T22:49:45.192Z", "uploaded_by_user": 1, "focal_point_x": null, "focal_point_y": null, "focal_point_width": null, "focal_point_height": null, "file_size": 7142, "file_hash": "89dea38aa10feb4ef8575697bc0213b6d3e3a5b3" } }, { "model": "wagtailimages.rendition", "pk": 1, "fields": { "filter_spec": "max-165x165", "file": "images/2.max-165x165.jpg", "width": 165, "height": 65, "focal_point_key": "", "image": 1 } }, { "model": "wagtailimages.rendition", "pk": 2, "fields": { "filter_spec": "fill-1920x760", "file": "images/2.2e16d0ba.fill-1920x760.jpg", "width": 1920, "height": 760, "focal_point_key": "2e16d0ba", "image": 1 } }, { "model": "wagtailimages.rendition", "pk": 3, "fields": { "filter_spec": "fill-40x30", "file": "images/2.2e16d0ba.fill-40x30.jpg", "width": 40, "height": 30, "focal_point_key": "2e16d0ba", "image": 1 } }, { "model": "wagtailimages.rendition", "pk": 4, "fields": { "filter_spec": "max-165x165", "file": "images/service-11.max-165x165.jpg", "width": 165, "height": 94, "focal_point_key": "", "image": 2 } }, { "model": "wagtailimages.rendition", "pk": 5, "fields": { "filter_spec": "fill-450x680", "file": "images/service-11.2e16d0ba.fill-450x680.jpg", "width": 286, "height": 430, "focal_point_key": "2e16d0ba", "image": 2 } }, { "model": "wagtailimages.rendition", "pk": 6, "fields": { "filter_spec": "max-165x165", "file": "images/shop-8.max-165x165.jpg", "width": 165, "height": 111, "focal_point_key": "", "image": 3 } }, { "model": "wagtailimages.rendition", "pk": 7, "fields": { "filter_spec": "max-165x165", "file": "images/shop-9.max-165x165.jpg", "width": 165, "height": 111, "focal_point_key": "", "image": 4 } }, { "model": "wagtailimages.rendition", "pk": 8, "fields": { "filter_spec": "fill-585x298", "file": "images/shop-9.2e16d0ba.fill-585x298.jpg", "width": 370, "height": 190, "focal_point_key": "2e16d0ba", "image": 4 } }, { "model": "wagtailimages.rendition", "pk": 9, "fields": { "filter_spec": "fill-585x298", "file": "images/shop-8.2e16d0ba.fill-585x298.jpg", "width": 370, "height": 190, "focal_point_key": "2e16d0ba", "image": 3 } }, { "model": "wagtailimages.rendition", "pk": 10, "fields": { "filter_spec": "max-165x165", "file": "images/testimonial-bg.max-165x165.jpg", "width": 165, "height": 51, "focal_point_key": "", "image": 5 } }, { "model": "wagtailimages.rendition", "pk": 11, "fields": { "filter_spec": "fill-50x50", "file": "images/testimonial-bg.2e16d0ba.fill-50x50.jpg", "width": 50, "height": 50, "focal_point_key": "2e16d0ba", "image": 5 } }, { "model": "wagtailimages.rendition", "pk": 12, "fields": { "filter_spec": "max-165x165", "file": "images/featured-image-1.max-165x165.png", "width": 108, "height": 165, "focal_point_key": "", "image": 6 } }, { "model": "wagtailimages.rendition", "pk": 13, "fields": { "filter_spec": "fill-450x690", "file": "images/featured-image-1.2e16d0ba.fill-450x690.png", "width": 442, "height": 676, "focal_point_key": "2e16d0ba", "image": 6 } }, { "model": "wagtailimages.rendition", "pk": 14, "fields": { "filter_spec": "max-165x165", "file": "images/testimonial-4.max-165x165.png", "width": 82, "height": 82, "focal_point_key": "", "image": 7 } }, { "model": "wagtailimages.rendition", "pk": 15, "fields": { "filter_spec": "fill-268x237", "file": "images/testimonial-4.2e16d0ba.fill-268x237.png", "width": 82, "height": 74, "focal_point_key": "2e16d0ba", "image": 7 } }, { "model": "wagtailimages.rendition", "pk": 16, "fields": { "filter_spec": "max-165x165", "file": "images/team-1.max-165x165.jpg", "width": 165, "height": 145, "focal_point_key": "", "image": 8 } }, { "model": "wagtailimages.rendition", "pk": 17, "fields": { "filter_spec": "max-165x165", "file": "images/team-9.max-165x165.jpg", "width": 135, "height": 165, "focal_point_key": "", "image": 9 } }, { "model": "wagtailimages.rendition", "pk": 18, "fields": { "filter_spec": "max-165x165", "file": "images/team-2.max-165x165.jpg", "width": 165, "height": 145, "focal_point_key": "", "image": 10 } }, { "model": "wagtailimages.rendition", "pk": 19, "fields": { "filter_spec": "max-165x165", "file": "images/team-4.max-165x165.jpg", "width": 165, "height": 144, "focal_point_key": "", "image": 11 } }, { "model": "wagtailimages.rendition", "pk": 20, "fields": { "filter_spec": "fill-268x237", "file": "images/team-1.2e16d0ba.fill-268x237.jpg", "width": 260, "height": 230, "focal_point_key": "2e16d0ba", "image": 8 } }, { "model": "wagtailimages.rendition", "pk": 21, "fields": { "filter_spec": "fill-268x237", "file": "images/team-9.2e16d0ba.fill-268x237.jpg", "width": 268, "height": 237, "focal_point_key": "2e16d0ba", "image": 9 } }, { "model": "wagtailimages.rendition", "pk": 22, "fields": { "filter_spec": "fill-268x237", "file": "images/team-2.2e16d0ba.fill-268x237.jpg", "width": 260, "height": 230, "focal_point_key": "2e16d0ba", "image": 10 } }, { "model": "wagtailimages.rendition", "pk": 23, "fields": { "filter_spec": "fill-268x237", "file": "images/team-4.2e16d0ba.fill-268x237.jpg", "width": 262, "height": 230, "focal_point_key": "2e16d0ba", "image": 11 } }, { "model": "wagtailimages.rendition", "pk": 24, "fields": { "filter_spec": "fill-750x450", "file": "images/shop-9.2e16d0ba.fill-750x450.jpg", "width": 370, "height": 222, "focal_point_key": "2e16d0ba", "image": 4 } }, { "model": "wagtailimages.rendition", "pk": 25, "fields": { "filter_spec": "fill-750x450", "file": "images/shop-8.2e16d0ba.fill-750x450.jpg", "width": 370, "height": 222, "focal_point_key": "2e16d0ba", "image": 3 } }, { "model": "wagtailimages.rendition", "pk": 26, "fields": { "filter_spec": "fill-360x250", "file": "images/shop-9.2e16d0ba.fill-360x250.jpg", "width": 360, "height": 250, "focal_point_key": "2e16d0ba", "image": 4 } }, { "model": "wagtailimages.rendition", "pk": 27, "fields": { "filter_spec": "fill-360x250", "file": "images/shop-8.2e16d0ba.fill-360x250.jpg", "width": 360, "height": 250, "focal_point_key": "2e16d0ba", "image": 3 } }, { "model": "wagtailimages.rendition", "pk": 28, "fields": { "filter_spec": "fill-200x55", "file": "images/team-2.2e16d0ba.fill-200x55.jpg", "width": 200, "height": 55, "focal_point_key": "2e16d0ba", "image": 10 } }, { "model": "wagtailimages.rendition", "pk": 29, "fields": { "filter_spec": "max-165x165", "file": "images/57.max-165x165.max-165x165.png", "width": 128, "height": 128, "focal_point_key": "", "image": 12 } }, { "model": "wagtailimages.rendition", "pk": 30, "fields": { "filter_spec": "fill-532x340", "file": "images/shop-9.2e16d0ba.fill-532x340.jpg", "width": 370, "height": 238, "focal_point_key": "2e16d0ba", "image": 4 } }, { "model": "wagtailimages.rendition", "pk": 31, "fields": { "filter_spec": "fill-532x340", "file": "images/shop-8.2e16d0ba.fill-532x340.jpg", "width": 370, "height": 238, "focal_point_key": "2e16d0ba", "image": 3 } }, { "model": "wagtailimages.rendition", "pk": 32, "fields": { "filter_spec": "fill-128x128", "file": "images/57.max-165x165.2e16d0ba.fill-128x128.png", "width": 128, "height": 128, "focal_point_key": "2e16d0ba", "image": 12 } }, { "model": "wagtailimages.rendition", "pk": 33, "fields": { "filter_spec": "fill-900x690", "file": "images/shop-9.2e16d0ba.fill-900x690.jpg", "width": 328, "height": 250, "focal_point_key": "2e16d0ba", "image": 4 } }, { "model": "wagtailimages.rendition", "pk": 34, "fields": { "filter_spec": "fill-231x80", "file": "images/shop-8.2e16d0ba.fill-231x80.jpg", "width": 231, "height": 80, "focal_point_key": "2e16d0ba", "image": 3 } }, { "model": "wagtailimages.rendition", "pk": 35, "fields": { "filter_spec": "fill-360x250", "file": "images/team-2.2e16d0ba.fill-360x250.jpg", "width": 260, "height": 182, "focal_point_key": "2e16d0ba", "image": 10 } }, { "model": "wagtailimages.rendition", "pk": 36, "fields": { "filter_spec": "fill-360x250", "file": "images/team-4.2e16d0ba.fill-360x250.jpg", "width": 262, "height": 182, "focal_point_key": "2e16d0ba", "image": 11 } }, { "model": "wagtailimages.rendition", "pk": 37, "fields": { "filter_spec": "fill-50x50", "file": "images/testimonial-4.2e16d0ba.fill-50x50.png", "width": 50, "height": 50, "focal_point_key": "2e16d0ba", "image": 7 } }, { "model": "wagtailimages.rendition", "pk": 38, "fields": { "filter_spec": "fill-1920x760", "file": "images/shop-8.2e16d0ba.fill-1920x760.jpg", "width": 370, "height": 148, "focal_point_key": "2e16d0ba", "image": 3 } }, { "model": "wagtailimages.rendition", "pk": 39, "fields": { "filter_spec": "max-165x165", "file": "images/adaptiv.max-165x165.png", "width": 165, "height": 39, "focal_point_key": "", "image": 13 } }, { "model": "wagtailimages.rendition", "pk": 40, "fields": { "filter_spec": "fill-200x55", "file": "images/adaptiv.2e16d0ba.fill-200x55.png", "width": 200, "height": 55, "focal_point_key": "2e16d0ba", "image": 13 } }, { "model": "wagtailimages.rendition", "pk": 41, "fields": { "filter_spec": "fill-150x150", "file": "images/adaptiv.2e16d0ba.fill-150x150.png", "width": 68, "height": 68, "focal_point_key": "2e16d0ba", "image": 13 } }, { "model": "wagtailimages.rendition", "pk": 42, "fields": { "filter_spec": "fill-55x55", "file": "images/adaptiv.2e16d0ba.fill-55x55.png", "width": 55, "height": 55, "focal_point_key": "2e16d0ba", "image": 13 } }, { "model": "wagtailimages.rendition", "pk": 43, "fields": { "filter_spec": "fill-250x75", "file": "images/adaptiv.2e16d0ba.fill-250x75.png", "width": 228, "height": 68, "focal_point_key": "2e16d0ba", "image": 13 } }, { "model": "wagtailimages.rendition", "pk": 44, "fields": { "filter_spec": "fill-250x85", "file": "images/adaptiv.2e16d0ba.fill-250x85.png", "width": 200, "height": 68, "focal_point_key": "2e16d0ba", "image": 13 } }, { "model": "wagtailimages.rendition", "pk": 45, "fields": { "filter_spec": "fill-250x25", "file": "images/adaptiv.2e16d0ba.fill-250x25.png", "width": 250, "height": 25, "focal_point_key": "2e16d0ba", "image": 13 } }, { "model": "wagtailimages.rendition", "pk": 46, "fields": { "filter_spec": "fill-150x25", "file": "images/adaptiv.2e16d0ba.fill-150x25.png", "width": 150, "height": 25, "focal_point_key": "2e16d0ba", "image": 13 } }, { "model": "wagtailimages.rendition", "pk": 47, "fields": { "filter_spec": "fill-190x40", "file": "images/adaptiv.2e16d0ba.fill-190x40.png", "width": 190, "height": 40, "focal_point_key": "2e16d0ba", "image": 13 } }, { "model": "wagtailimages.rendition", "pk": 48, "fields": { "filter_spec": "fill-55x55", "file": "images/57.max-165x165.2e16d0ba.fill-55x55.png", "width": 55, "height": 55, "focal_point_key": "2e16d0ba", "image": 12 } }, { "model": "wagtailimages.rendition", "pk": 49, "fields": { "filter_spec": "fill-1920x760", "file": "images/shop-9.2e16d0ba.fill-1920x760.jpg", "width": 370, "height": 148, "focal_point_key": "2e16d0ba", "image": 4 } }, { "model": "wagtailcore.site", "pk": 2, "fields": { "hostname": "localhost", "port": 80, "site_name": "", "root_page": 3, "is_default_site": true } }, { "model": "wagtailcore.collection", "pk": 1, "fields": { "path": "0001", "depth": 1, "numchild": 0, "name": "Root" } }, { "model": "wagtailcore.groupcollectionpermission", "pk": 1, "fields": { "group": 2, "collection": 1, "permission": 2 } }, { "model": "wagtailcore.groupcollectionpermission", "pk": 2, "fields": { "group": 1, "collection": 1, "permission": 2 } }, { "model": "wagtailcore.groupcollectionpermission", "pk": 3, "fields": { "group": 2, "collection": 1, "permission": 3 } }, { "model": "wagtailcore.groupcollectionpermission", "pk": 4, "fields": { "group": 1, "collection": 1, "permission": 3 } }, { "model": "wagtailcore.groupcollectionpermission", "pk": 5, "fields": { "group": 2, "collection": 1, "permission": 5 } }, { "model": "wagtailcore.groupcollectionpermission", "pk": 6, "fields": { "group": 1, "collection": 1, "permission": 5 } }, { "model": "wagtailcore.groupcollectionpermission", "pk": 7, "fields": { "group": 2, "collection": 1, "permission": 6 } }, { "model": "wagtailcore.groupcollectionpermission", "pk": 8, "fields": { "group": 1, "collection": 1, "permission": 6 } }, { "model": "wagtailcore.groupcollectionpermission", "pk": 9, "fields": { "group": 2, "collection": 1, "permission": 7 } }, { "model": "wagtailcore.groupcollectionpermission", "pk": 10, "fields": { "group": 1, "collection": 1, "permission": 7 } }, { "model": "wagtailcore.groupcollectionpermission", "pk": 11, "fields": { "group": 2, "collection": 1, "permission": 9 } }, { "model": "wagtailcore.groupcollectionpermission", "pk": 12, "fields": { "group": 1, "collection": 1, "permission": 9 } }, { "model": "wagtailcore.locale", "pk": 1, "fields": { "language_code": "en" } }, { "model": "wagtailcore.page", "pk": 1, "fields": { "path": "0001", "depth": 1, "numchild": 1, "translation_key": "1c3fe8c5-fa8b-4c96-bf2e-54cbec2bcfc3", "locale": 1, "title": "Root", "draft_title": "Root", "slug": "root", "content_type": 1, "live": true, "has_unpublished_changes": false, "url_path": "/", "owner": null, "seo_title": "", "show_in_menus": false, "search_description": "", "go_live_at": null, "expire_at": null, "expired": false, "locked": false, "locked_at": null, "locked_by": null, "first_published_at": null, "last_published_at": null, "latest_revision_created_at": null, "live_revision": null, "alias_of": null } }, { "model": "wagtailcore.page", "pk": 3, "fields": { "path": "00010001", "depth": 2, "numchild": 4, "translation_key": "087deb6c-7e32-46a4-933d-5751ff103bfe", "locale": 1, "title": "Home", "draft_title": "Home", "slug": "home", "content_type": 2, "live": true, "has_unpublished_changes": false, "url_path": "/home/", "owner": null, "seo_title": "", "show_in_menus": false, "search_description": "", "go_live_at": null, "expire_at": null, "expired": false, "locked": false, "locked_at": null, "locked_by": null, "first_published_at": "2021-10-21T18:22:31.590Z", "last_published_at": "2021-11-03T17:07:29.673Z", "latest_revision_created_at": "2021-11-03T17:07:29.622Z", "live_revision": 21, "alias_of": null } }, { "model": "wagtailcore.page", "pk": 4, "fields": { "path": "000100010001", "depth": 3, "numchild": 0, "translation_key": "4de1f575-fe62-4a2b-8d30-18380c6b780a", "locale": 1, "title": "About Us", "draft_title": "About Us", "slug": "about", "content_type": 42, "live": true, "has_unpublished_changes": false, "url_path": "/home/about/", "owner": 1, "seo_title": "", "show_in_menus": false, "search_description": "", "go_live_at": null, "expire_at": null, "expired": false, "locked": false, "locked_at": null, "locked_by": null, "first_published_at": "2021-10-21T21:03:00.564Z", "last_published_at": "2021-10-21T21:24:49.639Z", "latest_revision_created_at": "2021-10-21T21:24:49.594Z", "live_revision": 3, "alias_of": null } }, { "model": "wagtailcore.page", "pk": 5, "fields": { "path": "000100010002", "depth": 3, "numchild": 0, "translation_key": "8324934b-49c8-4e44-981b-f88a11c103ce", "locale": 1, "title": "Physician", "draft_title": "Physician", "slug": "physician", "content_type": 45, "live": true, "has_unpublished_changes": false, "url_path": "/home/physician/", "owner": 1, "seo_title": "", "show_in_menus": false, "search_description": "", "go_live_at": null, "expire_at": null, "expired": false, "locked": false, "locked_at": null, "locked_by": null, "first_published_at": "2021-10-22T12:43:33.924Z", "last_published_at": "2021-10-22T12:43:33.924Z", "latest_revision_created_at": "2021-10-22T12:43:33.875Z", "live_revision": 6, "alias_of": null } }, { "model": "wagtailcore.page", "pk": 6, "fields": { "path": "000100010003", "depth": 3, "numchild": 0, "translation_key": "8ba9885c-8f40-4ff2-9fb5-a3e4a9bd6c1f", "locale": 1, "title": "Patient", "draft_title": "Patient", "slug": "patient", "content_type": 46, "live": true, "has_unpublished_changes": false, "url_path": "/home/patient/", "owner": 1, "seo_title": "", "show_in_menus": false, "search_description": "", "go_live_at": null, "expire_at": null, "expired": false, "locked": false, "locked_at": null, "locked_by": null, "first_published_at": "2021-10-22T12:48:59.488Z", "last_published_at": "2021-10-22T12:48:59.488Z", "latest_revision_created_at": "2021-10-22T12:48:59.446Z", "live_revision": 7, "alias_of": null } }, { "model": "wagtailcore.page", "pk": 7, "fields": { "path": "000100010004", "depth": 3, "numchild": 0, "translation_key": "df96774a-f633-4edc-945a-2e3577f05b97", "locale": 1, "title": "Contact", "draft_title": "Contact", "slug": "contact", "content_type": 47, "live": true, "has_unpublished_changes": false, "url_path": "/home/contact/", "owner": 1, "seo_title": "", "show_in_menus": false, "search_description": "", "go_live_at": null, "expire_at": null, "expired": false, "locked": false, "locked_at": null, "locked_by": null, "first_published_at": "2021-10-22T12:53:51.272Z", "last_published_at": "2021-10-22T12:53:51.272Z", "latest_revision_created_at": "2021-10-22T12:53:51.235Z", "live_revision": 8, "alias_of": null } }, { "model": "wagtailcore.pagerevision", "pk": 1, "fields": { "page": 3, "submitted_for_moderation": false, "created_at": "2021-10-21T18:22:31.548Z", "user": 1, "content_json": "{\"pk\": 3, \"path\": \"00010001\", \"depth\": 2, \"numchild\": 0, \"translation_key\": \"087deb6c-7e32-46a4-933d-5751ff103bfe\", \"locale\": 1, \"title\": \"Home\", \"draft_title\": \"Home\", \"slug\": \"home\", \"content_type\": 2, \"live\": true, \"has_unpublished_changes\": false, \"url_path\": \"/home/\", \"owner\": null, \"seo_title\": \"\", \"show_in_menus\": false, \"search_description\": \"\", \"go_live_at\": null, \"expire_at\": null, \"expired\": false, \"locked\": false, \"locked_at\": null, \"locked_by\": null, \"first_published_at\": null, \"last_published_at\": null, \"latest_revision_created_at\": null, \"live_revision\": null, \"alias_of\": null, \"banner_text\": \"<h2 data-block-key=\\\"5xxur\\\">Adaptiv MD</h2>\", \"photo\": 1, \"comments\": []}", "approved_go_live_at": null } }, { "model": "wagtailcore.pagerevision", "pk": 2, "fields": { "page": 4, "submitted_for_moderation": false, "created_at": "2021-10-21T21:03:00.530Z", "user": 1, "content_json": "{\"pk\": 4, \"path\": \"000100010001\", \"depth\": 3, \"numchild\": 0, \"translation_key\": \"4de1f575-fe62-4a2b-8d30-18380c6b780a\", \"locale\": 1, \"title\": \"About Us\", \"draft_title\": \"About Us\", \"slug\": \"about\", \"content_type\": 42, \"live\": true, \"has_unpublished_changes\": false, \"url_path\": \"/home/about/\", \"owner\": 1, \"seo_title\": \"\", \"show_in_menus\": false, \"search_description\": \"\", \"go_live_at\": null, \"expire_at\": null, \"expired\": false, \"locked\": false, \"locked_at\": null, \"locked_by\": null, \"first_published_at\": null, \"last_published_at\": null, \"latest_revision_created_at\": null, \"live_revision\": null, \"alias_of\": null, \"logo\": null, \"page_title\": \"\", \"page_text\": \"\", \"content_photo\": null, \"content_title\": \"\", \"content_text\": \"\", \"mid_content_title1\": \"\", \"mid_content_title2\": \"\", \"mid_content_text1\": \"\", \"mid_content_text2\": \"\", \"mid_content_photo1\": null, \"mid_content_photo2\": null, \"banner_title\": \"\", \"banner_image\": null, \"banner_text\": \"\", \"bot_content_title\": \"\", \"bot_content_title_dropdown1\": \"\", \"bot_content_text_dropdown1\": \"\", \"bot_content_title_dropdown2\": \"\", \"bot_content_text_dropdown2\": \"\", \"bot_content_title_dropdown3\": \"\", \"bot_content_text_dropdown3\": \"\", \"bot_content_title_dropdown4\": \"\", \"bot_content_text_dropdown4\": \"\", \"bot_content_photo\": null, \"director_board_title\": \"\", \"first_board_member_photo\": null, \"board_member_text1\": \"\", \"second_board_member_photo\": null, \"board_member_text2\": \"\", \"third_board_member_photo\": null, \"board_member_text3\": \"\", \"fourth_board_member_photo\": null, \"board_member_text4\": \"\", \"comments\": []}", "approved_go_live_at": null } }, { "model": "wagtailcore.pagerevision", "pk": 3, "fields": { "page": 4, "submitted_for_moderation": false, "created_at": "2021-10-21T21:24:49.594Z", "user": 1, "content_json": "{\"pk\": 4, \"path\": \"000100010001\", \"depth\": 3, \"numchild\": 0, \"translation_key\": \"4de1f575-fe62-4a2b-8d30-18380c6b780a\", \"locale\": 1, \"title\": \"About Us\", \"draft_title\": \"About Us\", \"slug\": \"about\", \"content_type\": 42, \"live\": true, \"has_unpublished_changes\": false, \"url_path\": \"/home/about/\", \"owner\": 1, \"seo_title\": \"\", \"show_in_menus\": false, \"search_description\": \"\", \"go_live_at\": null, \"expire_at\": null, \"expired\": false, \"locked\": false, \"locked_at\": null, \"locked_by\": null, \"first_published_at\": \"2021-10-21T21:03:00.564Z\", \"last_published_at\": \"2021-10-21T21:03:00.564Z\", \"latest_revision_created_at\": \"2021-10-21T21:03:00.530Z\", \"live_revision\": 2, \"alias_of\": null, \"logo\": 1, \"page_title\": \"<p data-block-key=\\\"5vcua\\\">Test Heading</p>\", \"page_text\": \"<p data-block-key=\\\"b87b1\\\">Test Text</p>\", \"content_photo\": 2, \"content_title\": \"<p data-block-key=\\\"dxrmc\\\">Test Title</p>\", \"content_text\": \"<p data-block-key=\\\"rmfwd\\\">Test Text</p>\", \"mid_content_title1\": \"<p data-block-key=\\\"05g6g\\\">Middle Content Title (1)</p>\", \"mid_content_title2\": \"<p data-block-key=\\\"x4n12\\\">Middle Content Title (2)</p>\", \"mid_content_text1\": \"<p data-block-key=\\\"gr1ws\\\">Middle Content Text (1)</p>\", \"mid_content_text2\": \"<p data-block-key=\\\"v3q0y\\\">Middle Content Text (2)</p>\", \"mid_content_photo1\": 3, \"mid_content_photo2\": 4, \"banner_title\": \"<p data-block-key=\\\"bhnz3\\\">Banner Text</p>\", \"banner_image\": 5, \"banner_text\": \"<p data-block-key=\\\"0r8t9\\\">Banner Text (2)</p>\", \"bot_content_title\": \"<p data-block-key=\\\"vcr55\\\">Bottom Content Title </p>\", \"bot_content_title_dropdown1\": \"<p data-block-key=\\\"1volu\\\">First Dd Title</p>\", \"bot_content_text_dropdown1\": \"<p data-block-key=\\\"sqxr4\\\">First Dd Text</p>\", \"bot_content_title_dropdown2\": \"<p data-block-key=\\\"rass2\\\">Second Dd Title </p>\", \"bot_content_text_dropdown2\": \"<p data-block-key=\\\"dqlxb\\\">Second Dd Text</p>\", \"bot_content_title_dropdown3\": \"<p data-block-key=\\\"yqi20\\\">Third Dd Title</p>\", \"bot_content_text_dropdown3\": \"<p data-block-key=\\\"v4l28\\\">Third Dd Text</p>\", \"bot_content_title_dropdown4\": \"<p data-block-key=\\\"1zmbn\\\">Fourth Dd Title </p>\", \"bot_content_text_dropdown4\": \"<p data-block-key=\\\"z0f0r\\\">Fourth Dd Text</p>\", \"bot_content_photo\": 6, \"director_board_title\": \"<h2 data-block-key=\\\"c2u5z\\\">Director&#x27;s Board Title</h2>\", \"first_board_member_photo\": 8, \"board_member_text1\": \"<p data-block-key=\\\"y6zs9\\\"><i>Board Member Text (1)</i></p>\", \"second_board_member_photo\": 9, \"board_member_text2\": \"<p data-block-key=\\\"xf16y\\\"><i>Board Member Text (2)</i></p>\", \"third_board_member_photo\": 10, \"board_member_text3\": \"<p data-block-key=\\\"xzkfd\\\"><i>Board Member Text (3)</i></p>\", \"fourth_board_member_photo\": 11, \"board_member_text4\": \"<p data-block-key=\\\"cbffy\\\"><i>Fourth Board Member Text (4)</i></p>\", \"comments\": []}", "approved_go_live_at": null } }, { "model": "wagtailcore.pagerevision", "pk": 4, "fields": { "page": 3, "submitted_for_moderation": false, "created_at": "2021-10-21T21:26:27.299Z", "user": 1, "content_json": "{\"pk\": 3, \"path\": \"00010001\", \"depth\": 2, \"numchild\": 1, \"translation_key\": \"087deb6c-7e32-46a4-933d-5751ff103bfe\", \"locale\": 1, \"title\": \"Home\", \"draft_title\": \"Home\", \"slug\": \"home\", \"content_type\": 2, \"live\": true, \"has_unpublished_changes\": false, \"url_path\": \"/home/\", \"owner\": null, \"seo_title\": \"\", \"show_in_menus\": false, \"search_description\": \"\", \"go_live_at\": null, \"expire_at\": null, \"expired\": false, \"locked\": false, \"locked_at\": null, \"locked_by\": null, \"first_published_at\": \"2021-10-21T18:22:31.590Z\", \"last_published_at\": \"2021-10-21T18:22:31.590Z\", \"latest_revision_created_at\": \"2021-10-21T18:22:31.548Z\", \"live_revision\": 1, \"alias_of\": null, \"banner_text\": \"<h2 data-block-key=\\\"5xxur\\\">Adaptiv MD</h2>\", \"secondary_text\": \"\", \"photo\": 1, \"comments\": []}", "approved_go_live_at": null } }, { "model": "wagtailcore.pagerevision", "pk": 5, "fields": { "page": 3, "submitted_for_moderation": false, "created_at": "2021-10-21T21:26:52.408Z", "user": 1, "content_json": "{\"pk\": 3, \"path\": \"00010001\", \"depth\": 2, \"numchild\": 1, \"translation_key\": \"087deb6c-7e32-46a4-933d-5751ff103bfe\", \"locale\": 1, \"title\": \"Home\", \"draft_title\": \"Home\", \"slug\": \"home\", \"content_type\": 2, \"live\": true, \"has_unpublished_changes\": false, \"url_path\": \"/home/\", \"owner\": null, \"seo_title\": \"\", \"show_in_menus\": false, \"search_description\": \"\", \"go_live_at\": null, \"expire_at\": null, \"expired\": false, \"locked\": false, \"locked_at\": null, \"locked_by\": null, \"first_published_at\": \"2021-10-21T18:22:31.590Z\", \"last_published_at\": \"2021-10-21T21:26:27.358Z\", \"latest_revision_created_at\": \"2021-10-21T21:26:27.299Z\", \"live_revision\": 4, \"alias_of\": null, \"banner_text\": \"<h2 data-block-key=\\\"5xxur\\\">Adaptiv MD</h2>\", \"secondary_text\": \"<p data-block-key=\\\"ww02s\\\">Hero Text</p>\", \"photo\": 1, \"comments\": []}", "approved_go_live_at": null } }, { "model": "wagtailcore.pagerevision", "pk": 6, "fields": { "page": 5, "submitted_for_moderation": false, "created_at": "2021-10-22T12:43:33.875Z", "user": 1, "content_json": "{\"pk\": 5, \"path\": \"000100010002\", \"depth\": 3, \"numchild\": 0, \"translation_key\": \"8324934b-49c8-4e44-981b-f88a11c103ce\", \"locale\": 1, \"title\": \"Physician\", \"draft_title\": \"Physician\", \"slug\": \"physician\", \"content_type\": 45, \"live\": true, \"has_unpublished_changes\": false, \"url_path\": \"/home/physician/\", \"owner\": 1, \"seo_title\": \"\", \"show_in_menus\": false, \"search_description\": \"\", \"go_live_at\": null, \"expire_at\": null, \"expired\": false, \"locked\": false, \"locked_at\": null, \"locked_by\": null, \"first_published_at\": null, \"last_published_at\": null, \"latest_revision_created_at\": null, \"live_revision\": null, \"alias_of\": null, \"top_content_photo\": 4, \"top_content_title\": \"<p data-block-key=\\\"599tn\\\">Top Content Title</p>\", \"top_content_text\": \"<p data-block-key=\\\"ycy42\\\">Top Content Text</p>\", \"middle_content_photo\": 3, \"middle_content_title\": \"<p data-block-key=\\\"7ln35\\\">Middle Content Title</p>\", \"middle_content_text\": \"<p data-block-key=\\\"sz2ek\\\">Middle Content Text</p>\", \"bottom_content_photo\": 4, \"bottom_content_title\": \"<p data-block-key=\\\"5qogg\\\">Bottom Content Title</p>\", \"bottom_content_text\": \"<p data-block-key=\\\"0zcmg\\\">Bottom Content Text</p>\", \"banner_text\": \"<p data-block-key=\\\"ct4ew\\\">Banner Text</p>\", \"phone_number\": \"<p data-block-key=\\\"yakvl\\\">Phone Number</p>\", \"email_adress\": \"<p data-block-key=\\\"nobq2\\\">Email Adress</p>\", \"comments\": []}", "approved_go_live_at": null } }, { "model": "wagtailcore.pagerevision", "pk": 7, "fields": { "page": 6, "submitted_for_moderation": false, "created_at": "2021-10-22T12:48:59.446Z", "user": 1, "content_json": "{\"pk\": 6, \"path\": \"000100010003\", \"depth\": 3, \"numchild\": 0, \"translation_key\": \"8ba9885c-8f40-4ff2-9fb5-a3e4a9bd6c1f\", \"locale\": 1, \"title\": \"Patient\", \"draft_title\": \"Patient\", \"slug\": \"patient\", \"content_type\": 46, \"live\": true, \"has_unpublished_changes\": false, \"url_path\": \"/home/patient/\", \"owner\": 1, \"seo_title\": \"\", \"show_in_menus\": false, \"search_description\": \"\", \"go_live_at\": null, \"expire_at\": null, \"expired\": false, \"locked\": false, \"locked_at\": null, \"locked_by\": null, \"first_published_at\": null, \"last_published_at\": null, \"latest_revision_created_at\": null, \"live_revision\": null, \"alias_of\": null, \"page_title\": \"<p data-block-key=\\\"vp8rv\\\">Title</p>\", \"page_text\": \"<p data-block-key=\\\"t86s6\\\">Text</p>\", \"first_card_photo\": 4, \"first_card_title\": \"<p data-block-key=\\\"ai3uo\\\">First Card Title</p>\", \"first_card_text\": \"<p data-block-key=\\\"5ydzp\\\"><b>First Card Text</b></p>\", \"second_card_photo\": 3, \"second_card_title\": \"<p data-block-key=\\\"8597l\\\">Second Card Title</p>\", \"second_card_text\": \"<p data-block-key=\\\"kz8bw\\\">Second Card Text</p>\", \"third_card_photo\": 4, \"third_card_title\": \"<p data-block-key=\\\"23krp\\\">Third Card Title </p>\", \"third_card_text\": \"<p data-block-key=\\\"amgl5\\\">Third Card Text</p>\", \"fourth_card_photo\": 3, \"fourth_card_title\": \"<p data-block-key=\\\"07uw3\\\">Fourth Card title </p>\", \"fourth_card_text\": \"<p data-block-key=\\\"uk567\\\">Fourth Card Text</p>\", \"fifth_card_photo\": 4, \"fifth_card_title\": \"<p data-block-key=\\\"yk1y1\\\">Fifrth Card Title </p>\", \"fifth_card_text\": \"<p data-block-key=\\\"j834a\\\">Fifth Card Text</p>\", \"comments\": []}", "approved_go_live_at": null } }, { "model": "wagtailcore.pagerevision", "pk": 8, "fields": { "page": 7, "submitted_for_moderation": false, "created_at": "2021-10-22T12:53:51.235Z", "user": 1, "content_json": "{\"pk\": 7, \"path\": \"000100010004\", \"depth\": 3, \"numchild\": 0, \"translation_key\": \"df96774a-f633-4edc-945a-2e3577f05b97\", \"locale\": 1, \"title\": \"Contact\", \"draft_title\": \"Contact\", \"slug\": \"contact\", \"content_type\": 47, \"live\": true, \"has_unpublished_changes\": false, \"url_path\": \"/home/contact/\", \"owner\": 1, \"seo_title\": \"\", \"show_in_menus\": false, \"search_description\": \"\", \"go_live_at\": null, \"expire_at\": null, \"expired\": false, \"locked\": false, \"locked_at\": null, \"locked_by\": null, \"first_published_at\": null, \"last_published_at\": null, \"latest_revision_created_at\": null, \"live_revision\": null, \"alias_of\": null, \"left_block_title\": \"<p data-block-key=\\\"s0ay3\\\">Contact Title</p>\", \"left_block_text\": \"<p data-block-key=\\\"ajyss\\\">Contact Text</p>\", \"office_address\": \"<p data-block-key=\\\"96tn1\\\">Office Adress</p>\", \"factory_address\": \"<p data-block-key=\\\"uvofd\\\">Factory Adress</p>\", \"email_address\": \"<p data-block-key=\\\"fgcm1\\\">Email Adress</p>\", \"phone_number_c\": \"<p data-block-key=\\\"na276\\\">Phone Number</p>\", \"form_title\": \"<p data-block-key=\\\"ndgeb\\\">Title</p>\", \"comments\": []}", "approved_go_live_at": null } }, { "model": "wagtailcore.pagerevision", "pk": 9, "fields": { "page": 3, "submitted_for_moderation": false, "created_at": "2021-10-23T13:01:31.516Z", "user": 1, "content_json": "{\"pk\": 3, \"path\": \"00010001\", \"depth\": 2, \"numchild\": 4, \"translation_key\": \"087deb6c-7e32-46a4-933d-5751ff103bfe\", \"locale\": 1, \"title\": \"Home\", \"draft_title\": \"Home\", \"slug\": \"home\", \"content_type\": 2, \"live\": true, \"has_unpublished_changes\": false, \"url_path\": \"/home/\", \"owner\": null, \"seo_title\": \"\", \"show_in_menus\": false, \"search_description\": \"\", \"go_live_at\": null, \"expire_at\": null, \"expired\": false, \"locked\": false, \"locked_at\": null, \"locked_by\": null, \"first_published_at\": \"2021-10-21T18:22:31.590Z\", \"last_published_at\": \"2021-10-21T21:26:52.447Z\", \"latest_revision_created_at\": \"2021-10-21T21:26:52.408Z\", \"live_revision\": 5, \"alias_of\": null, \"banner_text\": \"<h2 data-block-key=\\\"5xxur\\\">Adaptiv MD</h2>\", \"secondary_text\": \"<p data-block-key=\\\"ww02s\\\">Hero Text</p>\", \"photo\": 1, \"content_title\": \"<p data-block-key=\\\"ibwav\\\">Content Title</p>\", \"content_p\": \"<p data-block-key=\\\"vnvkv\\\">Content Secondary Title</p>\", \"content_text\": \"<p data-block-key=\\\"92zhp\\\">Content Text</p>\", \"content_photo1\": 4, \"content_photo2\": 3, \"card_photo1\": 12, \"first_card_title\": \"<p data-block-key=\\\"eaad3\\\">Frist Card Title</p>\", \"card_photo2\": 12, \"second_card_title\": \"<p data-block-key=\\\"b4qxr\\\">Second Card Title</p>\", \"card_photo3\": 12, \"third_card_title\": \"<p data-block-key=\\\"1urp2\\\">Third Card Title</p>\", \"card_photo4\": 12, \"fourth_card_title\": \"<p data-block-key=\\\"7pirz\\\">Fourth Card Title</p>\", \"first_card_text\": \"<p data-block-key=\\\"ku04q\\\">First Card Text</p>\", \"second_card_text\": \"<p data-block-key=\\\"lam0e\\\">Second Card Text</p>\", \"third_card_text\": \"<p data-block-key=\\\"mnmor\\\">Third Card Text</p>\", \"fourth_card_text\": \"<p data-block-key=\\\"7wrvr\\\">Fourth Card Text</p>\", \"bcontent_title\": \"<p data-block-key=\\\"ztayr\\\">Bottom Content Title</p>\", \"bcontent_text\": \"<p data-block-key=\\\"ls9ip\\\">Bottom Content Text</p>\", \"founder_text\": \"<p data-block-key=\\\"0pne2\\\">Founder Founder</p>\", \"bcontent_signature\": 3, \"bcontent_photo\": 4, \"res_list1\": \"Test 1\", \"res_list2\": \"Test2\", \"res_list3\": \"Test3\", \"res_list4\": \"Test4\", \"res_list5\": \"Test5\", \"res_list6\": \"Test6\", \"owl_title\": \"<p data-block-key=\\\"m5bnz\\\">Owl Title</p>\", \"owl_text\": \"<p data-block-key=\\\"pi2oi\\\">Owl Text</p>\", \"owl_photo1\": 4, \"content_title1\": \"<p data-block-key=\\\"kkzrq\\\">First Owl Title</p>\", \"content_text1\": \"<p data-block-key=\\\"ufl80\\\">First Owl Text</p>\", \"owl_photo2\": 3, \"content_title2\": \"<p data-block-key=\\\"09ls8\\\">Second Owl Title</p>\", \"content_text2\": \"<p data-block-key=\\\"ijgtg\\\">Second Owl Text</p>\", \"owl_photo3\": 10, \"content_title3\": \"<p data-block-key=\\\"9sjwc\\\">Third Owl Title</p>\", \"content_text3\": \"<p data-block-key=\\\"hzlun\\\">Third Owl Text</p>\", \"owl_photo4\": 11, \"content_title4\": \"<p data-block-key=\\\"snd0l\\\">Fourth Owl Title</p>\", \"content_text4\": \"<p data-block-key=\\\"y1uay\\\">Fourth Owl Text</p>\", \"quote_photo\": 7, \"quote_title\": \"<p data-block-key=\\\"36za0\\\">Quote Title</p>\", \"quote_text\": \"<p data-block-key=\\\"ci9eh\\\">Quote Text</p>\", \"skill_photo\": 3, \"skill_title\": \"<p data-block-key=\\\"csz24\\\">Skill Title</p>\", \"skill1\": \"<p data-block-key=\\\"ycxgt\\\">First Skull</p>\", \"skill2\": \"<p data-block-key=\\\"9i35s\\\">Second Skill</p>\", \"skill3\": \"<p data-block-key=\\\"iv6jp\\\">Third Skill</p>\", \"embed_video\": \"<p data-block-key=\\\"ia2xh\\\"></p><embed embedtype=\\\"media\\\" url=\\\"https://www.youtube.com/watch?v=kxPCFljwJws\\\"/><p data-block-key=\\\"7tuq9\\\"></p>\", \"comments\": []}", "approved_go_live_at": null } }, { "model": "wagtailcore.pagerevision", "pk": 10, "fields": { "page": 3, "submitted_for_moderation": false, "created_at": "2021-10-31T18:26:56.630Z", "user": 8, "content_json": "{\"pk\": 3, \"path\": \"00010001\", \"depth\": 2, \"numchild\": 4, \"translation_key\": \"087deb6c-7e32-46a4-933d-5751ff103bfe\", \"locale\": 1, \"title\": \"Home\", \"draft_title\": \"Home\", \"slug\": \"home\", \"content_type\": 2, \"live\": true, \"has_unpublished_changes\": false, \"url_path\": \"/home/\", \"owner\": null, \"seo_title\": \"\", \"show_in_menus\": false, \"search_description\": \"\", \"go_live_at\": null, \"expire_at\": null, \"expired\": false, \"locked\": false, \"locked_at\": null, \"locked_by\": null, \"first_published_at\": \"2021-10-21T18:22:31.590Z\", \"last_published_at\": \"2021-10-23T13:01:31.582Z\", \"latest_revision_created_at\": \"2021-10-23T13:01:31.516Z\", \"live_revision\": 9, \"alias_of\": null, \"banner_text\": \"<h2 data-block-key=\\\"5xxur\\\"><b>AdaptivMD</b></h2>\", \"secondary_text\": \"<p data-block-key=\\\"ww02s\\\">Hero Text</p>\", \"photo\": 1, \"content_title\": \"<p data-block-key=\\\"ibwav\\\">Content Title</p>\", \"content_p\": \"<p data-block-key=\\\"vnvkv\\\">Content Secondary Title</p>\", \"content_text\": \"<p data-block-key=\\\"92zhp\\\">Content Text</p>\", \"content_photo1\": 4, \"content_photo2\": 3, \"card_photo1\": 12, \"first_card_title\": \"<p data-block-key=\\\"eaad3\\\">Frist Card Title</p>\", \"card_photo2\": 12, \"second_card_title\": \"<p data-block-key=\\\"b4qxr\\\">Second Card Title</p>\", \"card_photo3\": 12, \"third_card_title\": \"<p data-block-key=\\\"1urp2\\\">Third Card Title</p>\", \"card_photo4\": 12, \"fourth_card_title\": \"<p data-block-key=\\\"7pirz\\\">Fourth Card Title</p>\", \"first_card_text\": \"<p data-block-key=\\\"ku04q\\\">First Card Text</p>\", \"second_card_text\": \"<p data-block-key=\\\"lam0e\\\">Second Card Text</p>\", \"third_card_text\": \"<p data-block-key=\\\"mnmor\\\">Third Card Text</p>\", \"fourth_card_text\": \"<p data-block-key=\\\"7wrvr\\\">Fourth Card Text</p>\", \"bcontent_title\": \"<p data-block-key=\\\"ztayr\\\">Bottom Content Title</p>\", \"bcontent_text\": \"<p data-block-key=\\\"ls9ip\\\">Bottom Content Text</p>\", \"founder_text\": \"<p data-block-key=\\\"0pne2\\\">Founder Founder</p>\", \"bcontent_signature\": 3, \"bcontent_photo\": 4, \"res_list1\": \"Test 1\", \"res_list2\": \"Test2\", \"res_list3\": \"Test3\", \"res_list4\": \"Test4\", \"res_list5\": \"Test5\", \"res_list6\": \"Test6\", \"owl_title\": \"<p data-block-key=\\\"m5bnz\\\">Owl Title</p>\", \"owl_text\": \"<p data-block-key=\\\"pi2oi\\\">Owl Text</p>\", \"owl_photo1\": 4, \"content_title1\": \"<p data-block-key=\\\"kkzrq\\\">First Owl Title</p>\", \"content_text1\": \"<p data-block-key=\\\"ufl80\\\">First Owl Text</p>\", \"owl_photo2\": 3, \"content_title2\": \"<p data-block-key=\\\"09ls8\\\">Second Owl Title</p>\", \"content_text2\": \"<p data-block-key=\\\"ijgtg\\\">Second Owl Text</p>\", \"owl_photo3\": 10, \"content_title3\": \"<p data-block-key=\\\"9sjwc\\\">Third Owl Title</p>\", \"content_text3\": \"<p data-block-key=\\\"hzlun\\\">Third Owl Text</p>\", \"owl_photo4\": 11, \"content_title4\": \"<p data-block-key=\\\"snd0l\\\">Fourth Owl Title</p>\", \"content_text4\": \"<p data-block-key=\\\"y1uay\\\">Fourth Owl Text</p>\", \"quote_photo\": 7, \"quote_title\": \"<p data-block-key=\\\"36za0\\\">Quote Title</p>\", \"quote_text\": \"<p data-block-key=\\\"ci9eh\\\">Quote Text</p>\", \"skill_photo\": 3, \"skill_title\": \"<p data-block-key=\\\"csz24\\\">Skill Title</p>\", \"skill1\": \"<p data-block-key=\\\"ycxgt\\\">First Skull</p>\", \"skill2\": \"<p data-block-key=\\\"9i35s\\\">Second Skill</p>\", \"skill3\": \"<p data-block-key=\\\"iv6jp\\\">Third Skill</p>\", \"embed_video\": \"<p data-block-key=\\\"ia2xh\\\"></p><embed embedtype=\\\"media\\\" url=\\\"https://www.youtube.com/watch?v=kxPCFljwJws\\\"/><p data-block-key=\\\"7tuq9\\\"></p>\", \"comments\": []}", "approved_go_live_at": null } }, { "model": "wagtailcore.pagerevision", "pk": 11, "fields": { "page": 3, "submitted_for_moderation": false, "created_at": "2021-10-31T18:29:13.546Z", "user": 8, "content_json": "{\"pk\": 3, \"path\": \"00010001\", \"depth\": 2, \"numchild\": 4, \"translation_key\": \"087deb6c-7e32-46a4-933d-5751ff103bfe\", \"locale\": 1, \"title\": \"Home\", \"draft_title\": \"Home\", \"slug\": \"home\", \"content_type\": 2, \"live\": true, \"has_unpublished_changes\": false, \"url_path\": \"/home/\", \"owner\": null, \"seo_title\": \"\", \"show_in_menus\": false, \"search_description\": \"\", \"go_live_at\": null, \"expire_at\": null, \"expired\": false, \"locked\": false, \"locked_at\": null, \"locked_by\": null, \"first_published_at\": \"2021-10-21T18:22:31.590Z\", \"last_published_at\": \"2021-10-31T18:26:56.708Z\", \"latest_revision_created_at\": \"2021-10-31T18:26:56.630Z\", \"live_revision\": 10, \"alias_of\": null, \"banner_text\": \"<h2 data-block-key=\\\"5xxur\\\"><b>CONNECT AND ENGAGE PATIENTS TO IMPROVE OUTCOME</b></h2>\", \"secondary_text\": \"<p data-block-key=\\\"ww02s\\\">Hero Text</p>\", \"photo\": 1, \"content_title\": \"<p data-block-key=\\\"ibwav\\\">Content Title</p>\", \"content_p\": \"<p data-block-key=\\\"vnvkv\\\">Content Secondary Title</p>\", \"content_text\": \"<p data-block-key=\\\"92zhp\\\">Content Text</p>\", \"content_photo1\": 4, \"content_photo2\": 3, \"card_photo1\": 12, \"first_card_title\": \"<p data-block-key=\\\"eaad3\\\">Frist Card Title</p>\", \"card_photo2\": 12, \"second_card_title\": \"<p data-block-key=\\\"b4qxr\\\">Second Card Title</p>\", \"card_photo3\": 12, \"third_card_title\": \"<p data-block-key=\\\"1urp2\\\">Third Card Title</p>\", \"card_photo4\": 12, \"fourth_card_title\": \"<p data-block-key=\\\"7pirz\\\">Fourth Card Title</p>\", \"first_card_text\": \"<p data-block-key=\\\"ku04q\\\">First Card Text</p>\", \"second_card_text\": \"<p data-block-key=\\\"lam0e\\\">Second Card Text</p>\", \"third_card_text\": \"<p data-block-key=\\\"mnmor\\\">Third Card Text</p>\", \"fourth_card_text\": \"<p data-block-key=\\\"7wrvr\\\">Fourth Card Text</p>\", \"bcontent_title\": \"<p data-block-key=\\\"ztayr\\\">Bottom Content Title</p>\", \"bcontent_text\": \"<p data-block-key=\\\"ls9ip\\\">Bottom Content Text</p>\", \"founder_text\": \"<p data-block-key=\\\"0pne2\\\">Founder Founder</p>\", \"bcontent_signature\": 3, \"bcontent_photo\": 4, \"res_list1\": \"Test 1\", \"res_list2\": \"Test2\", \"res_list3\": \"Test3\", \"res_list4\": \"Test4\", \"res_list5\": \"Test5\", \"res_list6\": \"Test6\", \"owl_title\": \"<p data-block-key=\\\"m5bnz\\\">Owl Title</p>\", \"owl_text\": \"<p data-block-key=\\\"pi2oi\\\">Owl Text</p>\", \"owl_photo1\": 4, \"content_title1\": \"<p data-block-key=\\\"kkzrq\\\">First Owl Title</p>\", \"content_text1\": \"<p data-block-key=\\\"ufl80\\\">First Owl Text</p>\", \"owl_photo2\": 3, \"content_title2\": \"<p data-block-key=\\\"09ls8\\\">Second Owl Title</p>\", \"content_text2\": \"<p data-block-key=\\\"ijgtg\\\">Second Owl Text</p>\", \"owl_photo3\": 10, \"content_title3\": \"<p data-block-key=\\\"9sjwc\\\">Third Owl Title</p>\", \"content_text3\": \"<p data-block-key=\\\"hzlun\\\">Third Owl Text</p>\", \"owl_photo4\": 11, \"content_title4\": \"<p data-block-key=\\\"snd0l\\\">Fourth Owl Title</p>\", \"content_text4\": \"<p data-block-key=\\\"y1uay\\\">Fourth Owl Text</p>\", \"quote_photo\": 7, \"quote_title\": \"<p data-block-key=\\\"36za0\\\">Quote Title</p>\", \"quote_text\": \"<p data-block-key=\\\"ci9eh\\\">Quote Text</p>\", \"skill_photo\": 3, \"skill_title\": \"<p data-block-key=\\\"csz24\\\">Skill Title</p>\", \"skill1\": \"<p data-block-key=\\\"ycxgt\\\">First Skull</p>\", \"skill2\": \"<p data-block-key=\\\"9i35s\\\">Second Skill</p>\", \"skill3\": \"<p data-block-key=\\\"iv6jp\\\">Third Skill</p>\", \"embed_video\": \"<p data-block-key=\\\"ia2xh\\\"></p><embed embedtype=\\\"media\\\" url=\\\"https://www.youtube.com/watch?v=kxPCFljwJws\\\"/><p data-block-key=\\\"7tuq9\\\"></p>\", \"comments\": []}", "approved_go_live_at": null } }, { "model": "wagtailcore.pagerevision", "pk": 12, "fields": { "page": 3, "submitted_for_moderation": false, "created_at": "2021-11-01T16:19:09.205Z", "user": 8, "content_json": "{\"pk\": 3, \"path\": \"00010001\", \"depth\": 2, \"numchild\": 4, \"translation_key\": \"087deb6c-7e32-46a4-933d-5751ff103bfe\", \"locale\": 1, \"title\": \"Home\", \"draft_title\": \"Home\", \"slug\": \"home\", \"content_type\": 2, \"live\": true, \"has_unpublished_changes\": false, \"url_path\": \"/home/\", \"owner\": null, \"seo_title\": \"\", \"show_in_menus\": false, \"search_description\": \"\", \"go_live_at\": null, \"expire_at\": null, \"expired\": false, \"locked\": false, \"locked_at\": null, \"locked_by\": null, \"first_published_at\": \"2021-10-21T18:22:31.590Z\", \"last_published_at\": \"2021-10-31T18:29:13.614Z\", \"latest_revision_created_at\": \"2021-10-31T18:29:13.546Z\", \"live_revision\": 11, \"alias_of\": null, \"banner_text\": \"<h2 data-block-key=\\\"5xxur\\\"><b>CONNECT AND ENGAGE PATIENTS TO IMPROVE OUTCOME</b></h2>\", \"secondary_text\": \"<p data-block-key=\\\"ww02s\\\">Hero Text</p>\", \"photo\": 1, \"content_title\": \"<p data-block-key=\\\"ibwav\\\">Content Title</p>\", \"content_p\": \"<p data-block-key=\\\"vnvkv\\\">Content Secondary Title</p>\", \"content_text\": \"<p data-block-key=\\\"92zhp\\\">Content Text</p>\", \"content_photo1\": 4, \"content_photo2\": 3, \"card_photo1\": 12, \"first_card_title\": \"<p data-block-key=\\\"eaad3\\\"><b>Frist Card Title</b></p>\", \"card_photo2\": 12, \"second_card_title\": \"<p data-block-key=\\\"b4qxr\\\">Second Card Title</p>\", \"card_photo3\": 12, \"third_card_title\": \"<p data-block-key=\\\"1urp2\\\">Third Card Title</p>\", \"card_photo4\": 12, \"fourth_card_title\": \"<h3 data-block-key=\\\"7pirz\\\">Fourth Card Title</h3>\", \"first_card_text\": \"<p data-block-key=\\\"ku04q\\\"><b>First Card Text</b></p>\", \"second_card_text\": \"<p data-block-key=\\\"lam0e\\\">Second Card Text</p>\", \"third_card_text\": \"<p data-block-key=\\\"mnmor\\\">Third Card Text</p>\", \"fourth_card_text\": \"<p data-block-key=\\\"7wrvr\\\">Fourth Card Text</p>\", \"bcontent_title\": \"<p data-block-key=\\\"ztayr\\\">Bottom Content Title</p>\", \"bcontent_text\": \"<p data-block-key=\\\"ls9ip\\\">Bottom Content Text</p>\", \"founder_text\": \"<p data-block-key=\\\"0pne2\\\">Founder Founder</p>\", \"bcontent_signature\": 3, \"bcontent_photo\": 4, \"res_list1\": \"Test 1\", \"res_list2\": \"Test2\", \"res_list3\": \"Test3\", \"res_list4\": \"Test4\", \"res_list5\": \"Test5\", \"res_list6\": \"Test6\", \"owl_title\": \"<p data-block-key=\\\"m5bnz\\\">Owl Title</p>\", \"owl_text\": \"<p data-block-key=\\\"pi2oi\\\">Owl Text</p>\", \"owl_photo1\": 4, \"content_title1\": \"<p data-block-key=\\\"kkzrq\\\">First Owl Title</p>\", \"content_text1\": \"<p data-block-key=\\\"ufl80\\\">First Owl Text</p>\", \"owl_photo2\": 3, \"content_title2\": \"<p data-block-key=\\\"09ls8\\\">Second Owl Title</p>\", \"content_text2\": \"<p data-block-key=\\\"ijgtg\\\">Second Owl Text</p>\", \"owl_photo3\": 10, \"content_title3\": \"<p data-block-key=\\\"9sjwc\\\">Third Owl Title</p>\", \"content_text3\": \"<p data-block-key=\\\"hzlun\\\">Third Owl Text</p>\", \"owl_photo4\": 11, \"content_title4\": \"<p data-block-key=\\\"snd0l\\\">Fourth Owl Title</p>\", \"content_text4\": \"<p data-block-key=\\\"y1uay\\\">Fourth Owl Text</p>\", \"quote_photo\": 7, \"quote_title\": \"<p data-block-key=\\\"36za0\\\">Quote Title</p>\", \"quote_text\": \"<p data-block-key=\\\"ci9eh\\\">Quote Text</p>\", \"skill_photo\": 3, \"skill_title\": \"<p data-block-key=\\\"csz24\\\">Skill Title</p>\", \"skill1\": \"<p data-block-key=\\\"ycxgt\\\">First Skull</p>\", \"skill2\": \"<p data-block-key=\\\"9i35s\\\">Second Skill</p>\", \"skill3\": \"<p data-block-key=\\\"iv6jp\\\">Third Skill</p>\", \"embed_video\": \"<p data-block-key=\\\"ia2xh\\\"></p><embed embedtype=\\\"media\\\" url=\\\"https://www.youtube.com/watch?v=kxPCFljwJws\\\"/><p data-block-key=\\\"7tuq9\\\"></p>\", \"comments\": []}", "approved_go_live_at": null } }, { "model": "wagtailcore.pagerevision", "pk": 13, "fields": { "page": 3, "submitted_for_moderation": false, "created_at": "2021-11-01T16:19:36.039Z", "user": 8, "content_json": "{\"pk\": 3, \"path\": \"00010001\", \"depth\": 2, \"numchild\": 4, \"translation_key\": \"087deb6c-7e32-46a4-933d-5751ff103bfe\", \"locale\": 1, \"title\": \"Home\", \"draft_title\": \"Home\", \"slug\": \"home\", \"content_type\": 2, \"live\": true, \"has_unpublished_changes\": false, \"url_path\": \"/home/\", \"owner\": null, \"seo_title\": \"\", \"show_in_menus\": false, \"search_description\": \"\", \"go_live_at\": null, \"expire_at\": null, \"expired\": false, \"locked\": false, \"locked_at\": null, \"locked_by\": null, \"first_published_at\": \"2021-10-21T18:22:31.590Z\", \"last_published_at\": \"2021-11-01T16:19:09.279Z\", \"latest_revision_created_at\": \"2021-11-01T16:19:09.205Z\", \"live_revision\": 12, \"alias_of\": null, \"banner_text\": \"<h2 data-block-key=\\\"5xxur\\\"><b>CONNECT AND ENGAGE PATIENTS TO IMPROVE OUTCOME</b></h2>\", \"secondary_text\": \"<p data-block-key=\\\"ww02s\\\">Hero Text</p>\", \"photo\": 1, \"content_title\": \"<p data-block-key=\\\"ibwav\\\">Content Title</p>\", \"content_p\": \"<p data-block-key=\\\"vnvkv\\\">Content Secondary Title</p>\", \"content_text\": \"<p data-block-key=\\\"92zhp\\\">Content Text</p>\", \"content_photo1\": 4, \"content_photo2\": 3, \"card_photo1\": 12, \"first_card_title\": \"<p data-block-key=\\\"eaad3\\\"><b>Frist Card Title</b></p>\", \"card_photo2\": 12, \"second_card_title\": \"<p data-block-key=\\\"b4qxr\\\">Second Card Title</p>\", \"card_photo3\": 12, \"third_card_title\": \"<p data-block-key=\\\"1urp2\\\">Third Card Title</p>\", \"card_photo4\": 12, \"fourth_card_title\": \"<h3 data-block-key=\\\"7pirz\\\">Fourth Card Title</h3>\", \"first_card_text\": \"<p data-block-key=\\\"ku04q\\\"><b>First Card Text</b></p>\", \"second_card_text\": \"<p data-block-key=\\\"lam0e\\\">Second Card Text</p>\", \"third_card_text\": \"<p data-block-key=\\\"mnmor\\\">Third Card Text</p>\", \"fourth_card_text\": \"<p data-block-key=\\\"7wrvr\\\"><b>Fourth Card Text</b></p>\", \"bcontent_title\": \"<p data-block-key=\\\"ztayr\\\">Bottom Content Title</p>\", \"bcontent_text\": \"<p data-block-key=\\\"ls9ip\\\">Bottom Content Text</p>\", \"founder_text\": \"<p data-block-key=\\\"0pne2\\\">Founder Founder</p>\", \"bcontent_signature\": 3, \"bcontent_photo\": 4, \"res_list1\": \"Test 1\", \"res_list2\": \"Test2\", \"res_list3\": \"Test3\", \"res_list4\": \"Test4\", \"res_list5\": \"Test5\", \"res_list6\": \"Test6\", \"owl_title\": \"<p data-block-key=\\\"m5bnz\\\">Owl Title</p>\", \"owl_text\": \"<p data-block-key=\\\"pi2oi\\\">Owl Text</p>\", \"owl_photo1\": 4, \"content_title1\": \"<p data-block-key=\\\"kkzrq\\\">First Owl Title</p>\", \"content_text1\": \"<p data-block-key=\\\"ufl80\\\">First Owl Text</p>\", \"owl_photo2\": 3, \"content_title2\": \"<p data-block-key=\\\"09ls8\\\">Second Owl Title</p>\", \"content_text2\": \"<p data-block-key=\\\"ijgtg\\\">Second Owl Text</p>\", \"owl_photo3\": 10, \"content_title3\": \"<p data-block-key=\\\"9sjwc\\\">Third Owl Title</p>\", \"content_text3\": \"<p data-block-key=\\\"hzlun\\\">Third Owl Text</p>\", \"owl_photo4\": 11, \"content_title4\": \"<p data-block-key=\\\"snd0l\\\">Fourth Owl Title</p>\", \"content_text4\": \"<p data-block-key=\\\"y1uay\\\">Fourth Owl Text</p>\", \"quote_photo\": 7, \"quote_title\": \"<p data-block-key=\\\"36za0\\\">Quote Title</p>\", \"quote_text\": \"<p data-block-key=\\\"ci9eh\\\">Quote Text</p>\", \"skill_photo\": 3, \"skill_title\": \"<p data-block-key=\\\"csz24\\\">Skill Title</p>\", \"skill1\": \"<p data-block-key=\\\"ycxgt\\\">First Skull</p>\", \"skill2\": \"<p data-block-key=\\\"9i35s\\\">Second Skill</p>\", \"skill3\": \"<p data-block-key=\\\"iv6jp\\\">Third Skill</p>\", \"embed_video\": \"<p data-block-key=\\\"ia2xh\\\"></p><embed embedtype=\\\"media\\\" url=\\\"https://www.youtube.com/watch?v=kxPCFljwJws\\\"/><p data-block-key=\\\"7tuq9\\\"></p>\", \"comments\": []}", "approved_go_live_at": null } }, { "model": "wagtailcore.pagerevision", "pk": 14, "fields": { "page": 3, "submitted_for_moderation": false, "created_at": "2021-11-01T16:45:27.493Z", "user": 8, "content_json": "{\"pk\": 3, \"path\": \"00010001\", \"depth\": 2, \"numchild\": 4, \"translation_key\": \"087deb6c-7e32-46a4-933d-5751ff103bfe\", \"locale\": 1, \"title\": \"Home\", \"draft_title\": \"Home\", \"slug\": \"home\", \"content_type\": 2, \"live\": true, \"has_unpublished_changes\": false, \"url_path\": \"/home/\", \"owner\": null, \"seo_title\": \"\", \"show_in_menus\": false, \"search_description\": \"\", \"go_live_at\": null, \"expire_at\": null, \"expired\": false, \"locked\": false, \"locked_at\": null, \"locked_by\": null, \"first_published_at\": \"2021-10-21T18:22:31.590Z\", \"last_published_at\": \"2021-11-01T16:19:36.108Z\", \"latest_revision_created_at\": \"2021-11-01T16:19:36.039Z\", \"live_revision\": 13, \"alias_of\": null, \"banner_text\": \"<h2 data-block-key=\\\"5xxur\\\"><b>CONNECT AND ENGAGE PATIENTS TO IMPROVE OUTCOME</b></h2>\", \"secondary_text\": \"<p data-block-key=\\\"ww02s\\\">Hero Text</p>\", \"photo\": 1, \"content_title\": \"<p data-block-key=\\\"ibwav\\\">Content Title</p>\", \"content_p\": \"<p data-block-key=\\\"vnvkv\\\">Content Secondary Title</p>\", \"content_text\": \"<p data-block-key=\\\"92zhp\\\">Content Text</p>\", \"content_photo1\": 4, \"content_photo2\": 3, \"card_photo1\": 12, \"first_card_title\": \"<p data-block-key=\\\"eaad3\\\"><b>Frist Card Title</b></p>\", \"card_photo2\": 12, \"second_card_title\": \"<h3 data-block-key=\\\"b4qxr\\\">Second Card Title</h3>\", \"card_photo3\": 12, \"third_card_title\": \"<p data-block-key=\\\"1urp2\\\">Third Card Title</p>\", \"card_photo4\": 12, \"fourth_card_title\": \"<h3 data-block-key=\\\"7pirz\\\">Fourth Card Title</h3>\", \"first_card_text\": \"<p data-block-key=\\\"ku04q\\\"><b>First Card Text</b></p>\", \"second_card_text\": \"<p data-block-key=\\\"lam0e\\\"><b>Second Card Text</b></p>\", \"third_card_text\": \"<p data-block-key=\\\"mnmor\\\">Third Card Text</p>\", \"fourth_card_text\": \"<p data-block-key=\\\"7wrvr\\\"><b>Fourth Card Text</b></p>\", \"bcontent_title\": \"<p data-block-key=\\\"ztayr\\\">Bottom Content Title</p>\", \"bcontent_text\": \"<p data-block-key=\\\"ls9ip\\\">Bottom Content Text</p>\", \"founder_text\": \"<p data-block-key=\\\"0pne2\\\">Founder Founder</p>\", \"bcontent_signature\": 3, \"bcontent_photo\": 4, \"res_list1\": \"Test 1\", \"res_list2\": \"Test2\", \"res_list3\": \"Test3\", \"res_list4\": \"Test4\", \"res_list5\": \"Test5\", \"res_list6\": \"Test6\", \"owl_title\": \"<p data-block-key=\\\"m5bnz\\\">Owl Title</p>\", \"owl_text\": \"<p data-block-key=\\\"pi2oi\\\">Owl Text</p>\", \"owl_photo1\": 4, \"content_title1\": \"<p data-block-key=\\\"kkzrq\\\">First Owl Title</p>\", \"content_text1\": \"<p data-block-key=\\\"ufl80\\\">First Owl Text</p>\", \"owl_photo2\": 3, \"content_title2\": \"<p data-block-key=\\\"09ls8\\\">Second Owl Title</p>\", \"content_text2\": \"<p data-block-key=\\\"ijgtg\\\">Second Owl Text</p>\", \"owl_photo3\": 10, \"content_title3\": \"<p data-block-key=\\\"9sjwc\\\">Third Owl Title</p>\", \"content_text3\": \"<p data-block-key=\\\"hzlun\\\">Third Owl Text</p>\", \"owl_photo4\": 11, \"content_title4\": \"<p data-block-key=\\\"snd0l\\\">Fourth Owl Title</p>\", \"content_text4\": \"<p data-block-key=\\\"y1uay\\\">Fourth Owl Text</p>\", \"quote_photo\": 7, \"quote_title\": \"<p data-block-key=\\\"36za0\\\">Quote Title</p>\", \"quote_text\": \"<p data-block-key=\\\"ci9eh\\\">Quote Text</p>\", \"skill_photo\": 3, \"skill_title\": \"<p data-block-key=\\\"csz24\\\">Skill Title</p>\", \"skill1\": \"<p data-block-key=\\\"ycxgt\\\">First Skull</p>\", \"skill2\": \"<p data-block-key=\\\"9i35s\\\">Second Skill</p>\", \"skill3\": \"<p data-block-key=\\\"iv6jp\\\">Third Skill</p>\", \"embed_video\": \"<p data-block-key=\\\"ia2xh\\\"></p><embed embedtype=\\\"media\\\" url=\\\"https://www.youtube.com/watch?v=kxPCFljwJws\\\"/><p data-block-key=\\\"7tuq9\\\"></p>\", \"comments\": []}", "approved_go_live_at": null } }, { "model": "wagtailcore.pagerevision", "pk": 15, "fields": { "page": 3, "submitted_for_moderation": false, "created_at": "2021-11-01T16:52:53.289Z", "user": 8, "content_json": "{\"pk\": 3, \"path\": \"00010001\", \"depth\": 2, \"numchild\": 4, \"translation_key\": \"087deb6c-7e32-46a4-933d-5751ff103bfe\", \"locale\": 1, \"title\": \"Home\", \"draft_title\": \"Home\", \"slug\": \"home\", \"content_type\": 2, \"live\": true, \"has_unpublished_changes\": false, \"url_path\": \"/home/\", \"owner\": null, \"seo_title\": \"\", \"show_in_menus\": false, \"search_description\": \"\", \"go_live_at\": null, \"expire_at\": null, \"expired\": false, \"locked\": false, \"locked_at\": null, \"locked_by\": null, \"first_published_at\": \"2021-10-21T18:22:31.590Z\", \"last_published_at\": \"2021-11-01T16:45:27.563Z\", \"latest_revision_created_at\": \"2021-11-01T16:45:27.493Z\", \"live_revision\": 14, \"alias_of\": null, \"banner_text\": \"<h2 data-block-key=\\\"5xxur\\\"><b>CONNECT AND ENGAGE PATIENTS TO IMPROVE OUTCOME</b></h2>\", \"secondary_text\": \"<p data-block-key=\\\"ww02s\\\">Hero Text</p>\", \"photo\": 1, \"content_title\": \"<p data-block-key=\\\"ibwav\\\">Content Title</p>\", \"content_p\": \"<p data-block-key=\\\"vnvkv\\\">Content Secondary Title</p>\", \"content_text\": \"<p data-block-key=\\\"92zhp\\\">Content Text</p>\", \"content_photo1\": 4, \"content_photo2\": 3, \"card_photo1\": 12, \"first_card_title\": \"<h3 data-block-key=\\\"eaad3\\\">First Card Title</h3>\", \"card_photo2\": 12, \"second_card_title\": \"<h3 data-block-key=\\\"b4qxr\\\">Second Card Title</h3>\", \"card_photo3\": 12, \"third_card_title\": \"<h3 data-block-key=\\\"1urp2\\\">Third Card Title</h3>\", \"card_photo4\": 12, \"fourth_card_title\": \"<h3 data-block-key=\\\"7pirz\\\">Fourth Card Title</h3>\", \"first_card_text\": \"<p data-block-key=\\\"ku04q\\\"><b>First Card Text</b></p>\", \"second_card_text\": \"<p data-block-key=\\\"lam0e\\\"><b>Second Card Text</b></p>\", \"third_card_text\": \"<p data-block-key=\\\"mnmor\\\"><b>Third Card Text</b></p>\", \"fourth_card_text\": \"<p data-block-key=\\\"7wrvr\\\"><b>Fourth Card Text</b></p>\", \"bcontent_title\": \"<p data-block-key=\\\"ztayr\\\">Bottom Content Title</p>\", \"bcontent_text\": \"<p data-block-key=\\\"ls9ip\\\">Bottom Content Text</p>\", \"founder_text\": \"<p data-block-key=\\\"0pne2\\\">Founder Founder</p>\", \"bcontent_signature\": 3, \"bcontent_photo\": 4, \"res_list1\": \"Test 1\", \"res_list2\": \"Test2\", \"res_list3\": \"Test3\", \"res_list4\": \"Test4\", \"res_list5\": \"Test5\", \"res_list6\": \"Test6\", \"owl_title\": \"<p data-block-key=\\\"m5bnz\\\">Owl Title</p>\", \"owl_text\": \"<p data-block-key=\\\"pi2oi\\\">Owl Text</p>\", \"owl_photo1\": 4, \"content_title1\": \"<p data-block-key=\\\"kkzrq\\\">First Owl Title</p>\", \"content_text1\": \"<p data-block-key=\\\"ufl80\\\">First Owl Text</p>\", \"owl_photo2\": 3, \"content_title2\": \"<p data-block-key=\\\"09ls8\\\">Second Owl Title</p>\", \"content_text2\": \"<p data-block-key=\\\"ijgtg\\\">Second Owl Text</p>\", \"owl_photo3\": 10, \"content_title3\": \"<p data-block-key=\\\"9sjwc\\\">Third Owl Title</p>\", \"content_text3\": \"<p data-block-key=\\\"hzlun\\\">Third Owl Text</p>\", \"owl_photo4\": 11, \"content_title4\": \"<p data-block-key=\\\"snd0l\\\">Fourth Owl Title</p>\", \"content_text4\": \"<p data-block-key=\\\"y1uay\\\">Fourth Owl Text</p>\", \"quote_photo\": 7, \"quote_title\": \"<p data-block-key=\\\"36za0\\\">Quote Title</p>\", \"quote_text\": \"<p data-block-key=\\\"ci9eh\\\">Quote Text</p>\", \"skill_photo\": 3, \"skill_title\": \"<p data-block-key=\\\"csz24\\\">Skill Title</p>\", \"skill1\": \"<p data-block-key=\\\"ycxgt\\\">First Skull</p>\", \"skill2\": \"<p data-block-key=\\\"9i35s\\\">Second Skill</p>\", \"skill3\": \"<p data-block-key=\\\"iv6jp\\\">Third Skill</p>\", \"embed_video\": \"<p data-block-key=\\\"ia2xh\\\"></p><embed embedtype=\\\"media\\\" url=\\\"https://www.youtube.com/watch?v=kxPCFljwJws\\\"/><p data-block-key=\\\"7tuq9\\\"></p>\", \"comments\": []}", "approved_go_live_at": null } }, { "model": "wagtailcore.pagerevision", "pk": 16, "fields": { "page": 3, "submitted_for_moderation": false, "created_at": "2021-11-01T18:03:09.242Z", "user": 8, "content_json": "{\"pk\": 3, \"path\": \"00010001\", \"depth\": 2, \"numchild\": 4, \"translation_key\": \"087deb6c-7e32-46a4-933d-5751ff103bfe\", \"locale\": 1, \"title\": \"Home\", \"draft_title\": \"Home\", \"slug\": \"home\", \"content_type\": 2, \"live\": true, \"has_unpublished_changes\": false, \"url_path\": \"/home/\", \"owner\": null, \"seo_title\": \"\", \"show_in_menus\": false, \"search_description\": \"\", \"go_live_at\": null, \"expire_at\": null, \"expired\": false, \"locked\": false, \"locked_at\": null, \"locked_by\": null, \"first_published_at\": \"2021-10-21T18:22:31.590Z\", \"last_published_at\": \"2021-11-01T16:52:53.356Z\", \"latest_revision_created_at\": \"2021-11-01T16:52:53.289Z\", \"live_revision\": 15, \"alias_of\": null, \"banner_text\": \"<h2 data-block-key=\\\"5xxur\\\">CONNECT AND ENGAGE PATIENTS TO IMPROVE OUTCOME</h2>\", \"secondary_text\": \"<p data-block-key=\\\"ww02s\\\">Hero Text</p>\", \"photo\": 1, \"content_title\": \"<p data-block-key=\\\"ibwav\\\">Content Title</p>\", \"content_p\": \"<p data-block-key=\\\"vnvkv\\\">Content Secondary Title</p>\", \"content_text\": \"<p data-block-key=\\\"92zhp\\\">Content Text</p>\", \"content_photo1\": 4, \"content_photo2\": 3, \"card_photo1\": 12, \"first_card_title\": \"<h3 data-block-key=\\\"eaad3\\\">First Card Title</h3>\", \"card_photo2\": 12, \"second_card_title\": \"<h3 data-block-key=\\\"b4qxr\\\">Second Card Title</h3>\", \"card_photo3\": 12, \"third_card_title\": \"<h3 data-block-key=\\\"1urp2\\\">Third Card Title</h3>\", \"card_photo4\": 12, \"fourth_card_title\": \"<h3 data-block-key=\\\"7pirz\\\">Fourth Card Title</h3>\", \"first_card_text\": \"<p data-block-key=\\\"ku04q\\\"><b>First Card Text</b></p>\", \"second_card_text\": \"<p data-block-key=\\\"lam0e\\\"><b>Second Card Text</b></p>\", \"third_card_text\": \"<p data-block-key=\\\"mnmor\\\"><b>Third Card Text</b></p>\", \"fourth_card_text\": \"<p data-block-key=\\\"7wrvr\\\"><b>Fourth Card Text</b></p>\", \"bcontent_title\": \"<p data-block-key=\\\"ztayr\\\">Bottom Content Title</p>\", \"bcontent_text\": \"<p data-block-key=\\\"ls9ip\\\">Bottom Content Text</p>\", \"founder_text\": \"<p data-block-key=\\\"0pne2\\\">Founder Founder</p>\", \"bcontent_signature\": 3, \"bcontent_photo\": 4, \"res_list1\": \"Test 1\", \"res_list2\": \"Test2\", \"res_list3\": \"Test3\", \"res_list4\": \"Test4\", \"res_list5\": \"Test5\", \"res_list6\": \"Test6\", \"owl_title\": \"<p data-block-key=\\\"m5bnz\\\">Owl Title</p>\", \"owl_text\": \"<p data-block-key=\\\"pi2oi\\\">Owl Text</p>\", \"owl_photo1\": 4, \"content_title1\": \"<p data-block-key=\\\"kkzrq\\\">First Owl Title</p>\", \"content_text1\": \"<p data-block-key=\\\"ufl80\\\">First Owl Text</p>\", \"owl_photo2\": 3, \"content_title2\": \"<p data-block-key=\\\"09ls8\\\">Second Owl Title</p>\", \"content_text2\": \"<p data-block-key=\\\"ijgtg\\\">Second Owl Text</p>\", \"owl_photo3\": 10, \"content_title3\": \"<p data-block-key=\\\"9sjwc\\\">Third Owl Title</p>\", \"content_text3\": \"<p data-block-key=\\\"hzlun\\\">Third Owl Text</p>\", \"owl_photo4\": 11, \"content_title4\": \"<p data-block-key=\\\"snd0l\\\">Fourth Owl Title</p>\", \"content_text4\": \"<p data-block-key=\\\"y1uay\\\">Fourth Owl Text</p>\", \"quote_photo\": 7, \"quote_title\": \"<p data-block-key=\\\"36za0\\\">Quote Title</p>\", \"quote_text\": \"<p data-block-key=\\\"ci9eh\\\">Quote Text</p>\", \"skill_photo\": 3, \"skill_title\": \"<p data-block-key=\\\"csz24\\\">Skill Title</p>\", \"skill1\": \"<p data-block-key=\\\"ycxgt\\\">First Skull</p>\", \"skill2\": \"<p data-block-key=\\\"9i35s\\\">Second Skill</p>\", \"skill3\": \"<p data-block-key=\\\"iv6jp\\\">Third Skill</p>\", \"embed_video\": \"<p data-block-key=\\\"ia2xh\\\"></p><embed embedtype=\\\"media\\\" url=\\\"https://www.youtube.com/watch?v=kxPCFljwJws\\\"/><p data-block-key=\\\"7tuq9\\\"></p>\", \"comments\": []}", "approved_go_live_at": null } }, { "model": "wagtailcore.pagerevision", "pk": 17, "fields": { "page": 3, "submitted_for_moderation": false, "created_at": "2021-11-02T12:38:14.208Z", "user": 8, "content_json": "{\"pk\": 3, \"path\": \"00010001\", \"depth\": 2, \"numchild\": 4, \"translation_key\": \"087deb6c-7e32-46a4-933d-5751ff103bfe\", \"locale\": 1, \"title\": \"Home\", \"draft_title\": \"Home\", \"slug\": \"home\", \"content_type\": 2, \"live\": true, \"has_unpublished_changes\": false, \"url_path\": \"/home/\", \"owner\": null, \"seo_title\": \"\", \"show_in_menus\": false, \"search_description\": \"\", \"go_live_at\": null, \"expire_at\": null, \"expired\": false, \"locked\": false, \"locked_at\": null, \"locked_by\": null, \"first_published_at\": \"2021-10-21T18:22:31.590Z\", \"last_published_at\": \"2021-11-01T18:03:09.309Z\", \"latest_revision_created_at\": \"2021-11-01T18:03:09.242Z\", \"live_revision\": 16, \"alias_of\": null, \"banner_text\": \"<h2 data-block-key=\\\"5xxur\\\">CONNECT AND ENGAGE PATIENTS TO IMPROVE OUTCOME</h2>\", \"secondary_text\": \"<p data-block-key=\\\"ww02s\\\">Hero Text</p>\", \"photo\": 3, \"content_title\": \"<p data-block-key=\\\"ibwav\\\">Content Title</p>\", \"content_p\": \"<p data-block-key=\\\"vnvkv\\\">Content Secondary Title</p>\", \"content_text\": \"<p data-block-key=\\\"92zhp\\\">Content Text</p>\", \"content_photo1\": 4, \"content_photo2\": 3, \"card_photo1\": 12, \"first_card_title\": \"<h3 data-block-key=\\\"eaad3\\\">First Card Title</h3>\", \"card_photo2\": 12, \"second_card_title\": \"<h3 data-block-key=\\\"b4qxr\\\">Second Card Title</h3>\", \"card_photo3\": 12, \"third_card_title\": \"<h3 data-block-key=\\\"1urp2\\\">Third Card Title</h3>\", \"card_photo4\": 12, \"fourth_card_title\": \"<h3 data-block-key=\\\"7pirz\\\">Fourth Card Title</h3>\", \"first_card_text\": \"<p data-block-key=\\\"ku04q\\\"><b>First Card Text</b></p>\", \"second_card_text\": \"<p data-block-key=\\\"lam0e\\\"><b>Second Card Text</b></p>\", \"third_card_text\": \"<p data-block-key=\\\"mnmor\\\"><b>Third Card Text</b></p>\", \"fourth_card_text\": \"<p data-block-key=\\\"7wrvr\\\"><b>Fourth Card Text</b></p>\", \"bcontent_title\": \"<p data-block-key=\\\"ztayr\\\">Bottom Content Title</p>\", \"bcontent_text\": \"<p data-block-key=\\\"ls9ip\\\">Bottom Content Text</p>\", \"founder_text\": \"<p data-block-key=\\\"0pne2\\\">Founder Founder</p>\", \"bcontent_signature\": 3, \"bcontent_photo\": 4, \"res_list1\": \"Test 1\", \"res_list2\": \"Test2\", \"res_list3\": \"Test3\", \"res_list4\": \"Test4\", \"res_list5\": \"Test5\", \"res_list6\": \"Test6\", \"owl_title\": \"<p data-block-key=\\\"m5bnz\\\">Owl Title</p>\", \"owl_text\": \"<p data-block-key=\\\"pi2oi\\\">Owl Text</p>\", \"owl_photo1\": 4, \"content_title1\": \"<p data-block-key=\\\"kkzrq\\\">First Owl Title</p>\", \"content_text1\": \"<p data-block-key=\\\"ufl80\\\">First Owl Text</p>\", \"owl_photo2\": 3, \"content_title2\": \"<p data-block-key=\\\"09ls8\\\">Second Owl Title</p>\", \"content_text2\": \"<p data-block-key=\\\"ijgtg\\\">Second Owl Text</p>\", \"owl_photo3\": 10, \"content_title3\": \"<p data-block-key=\\\"9sjwc\\\">Third Owl Title</p>\", \"content_text3\": \"<p data-block-key=\\\"hzlun\\\">Third Owl Text</p>\", \"owl_photo4\": 11, \"content_title4\": \"<p data-block-key=\\\"snd0l\\\">Fourth Owl Title</p>\", \"content_text4\": \"<p data-block-key=\\\"y1uay\\\">Fourth Owl Text</p>\", \"quote_photo\": 7, \"quote_title\": \"<p data-block-key=\\\"36za0\\\">Quote Title</p>\", \"quote_text\": \"<p data-block-key=\\\"ci9eh\\\">Quote Text</p>\", \"skill_photo\": 3, \"skill_title\": \"<p data-block-key=\\\"csz24\\\">Skill Title</p>\", \"skill1\": \"<p data-block-key=\\\"ycxgt\\\">First Skull</p>\", \"skill2\": \"<p data-block-key=\\\"9i35s\\\">Second Skill</p>\", \"skill3\": \"<p data-block-key=\\\"iv6jp\\\">Third Skill</p>\", \"embed_video\": \"<p data-block-key=\\\"ia2xh\\\"></p><embed embedtype=\\\"media\\\" url=\\\"https://www.youtube.com/watch?v=kxPCFljwJws\\\"/><p data-block-key=\\\"7tuq9\\\"></p>\", \"comments\": []}", "approved_go_live_at": null } }, { "model": "wagtailcore.pagerevision", "pk": 18, "fields": { "page": 3, "submitted_for_moderation": false, "created_at": "2021-11-02T13:29:41.674Z", "user": 8, "content_json": "{\"pk\": 3, \"path\": \"00010001\", \"depth\": 2, \"numchild\": 4, \"translation_key\": \"087deb6c-7e32-46a4-933d-5751ff103bfe\", \"locale\": 1, \"title\": \"Home\", \"draft_title\": \"Home\", \"slug\": \"home\", \"content_type\": 2, \"live\": true, \"has_unpublished_changes\": false, \"url_path\": \"/home/\", \"owner\": null, \"seo_title\": \"\", \"show_in_menus\": false, \"search_description\": \"\", \"go_live_at\": null, \"expire_at\": null, \"expired\": false, \"locked\": false, \"locked_at\": null, \"locked_by\": null, \"first_published_at\": \"2021-10-21T18:22:31.590Z\", \"last_published_at\": \"2021-11-02T12:38:14.279Z\", \"latest_revision_created_at\": \"2021-11-02T12:38:14.208Z\", \"live_revision\": 17, \"alias_of\": null, \"banner_text\": \"<h2 data-block-key=\\\"5xxur\\\">CONNECT AND ENGAGE PATIENTS TO IMPROVE OUTCOME</h2>\", \"secondary_text\": \"<p data-block-key=\\\"ww02s\\\">Hero Text</p>\", \"photo\": 4, \"content_title\": \"<p data-block-key=\\\"ibwav\\\">Content Title</p>\", \"content_p\": \"<p data-block-key=\\\"vnvkv\\\">Content Secondary Title</p>\", \"content_text\": \"<p data-block-key=\\\"92zhp\\\">Content Text</p>\", \"content_photo1\": 4, \"content_photo2\": 3, \"card_photo1\": 12, \"first_card_title\": \"<h3 data-block-key=\\\"eaad3\\\">First Card Title</h3>\", \"card_photo2\": 12, \"second_card_title\": \"<h3 data-block-key=\\\"b4qxr\\\">Second Card Title</h3>\", \"card_photo3\": 12, \"third_card_title\": \"<h3 data-block-key=\\\"1urp2\\\">Third Card Title</h3>\", \"card_photo4\": 12, \"fourth_card_title\": \"<h3 data-block-key=\\\"7pirz\\\">Fourth Card Title</h3>\", \"first_card_text\": \"<p data-block-key=\\\"ku04q\\\"><b>First Card Text</b></p>\", \"second_card_text\": \"<p data-block-key=\\\"lam0e\\\"><b>Second Card Text</b></p>\", \"third_card_text\": \"<p data-block-key=\\\"mnmor\\\"><b>Third Card Text</b></p>\", \"fourth_card_text\": \"<p data-block-key=\\\"7wrvr\\\"><b>Fourth Card Text</b></p>\", \"bcontent_title\": \"<p data-block-key=\\\"ztayr\\\">Bottom Content Title</p>\", \"bcontent_text\": \"<p data-block-key=\\\"ls9ip\\\">Bottom Content Text</p>\", \"founder_text\": \"<p data-block-key=\\\"0pne2\\\">Founder Founder</p>\", \"bcontent_signature\": 3, \"bcontent_photo\": 4, \"res_list1\": \"Test 1\", \"res_list2\": \"Test2\", \"res_list3\": \"Test3\", \"res_list4\": \"Test4\", \"res_list5\": \"Test5\", \"res_list6\": \"Test6\", \"owl_title\": \"<p data-block-key=\\\"m5bnz\\\">Owl Title</p>\", \"owl_text\": \"<p data-block-key=\\\"pi2oi\\\">Owl Text</p>\", \"owl_photo1\": 4, \"content_title1\": \"<p data-block-key=\\\"kkzrq\\\">First Owl Title</p>\", \"content_text1\": \"<p data-block-key=\\\"ufl80\\\">First Owl Text</p>\", \"owl_photo2\": 3, \"content_title2\": \"<p data-block-key=\\\"09ls8\\\">Second Owl Title</p>\", \"content_text2\": \"<p data-block-key=\\\"ijgtg\\\">Second Owl Text</p>\", \"owl_photo3\": 10, \"content_title3\": \"<p data-block-key=\\\"9sjwc\\\">Third Owl Title</p>\", \"content_text3\": \"<p data-block-key=\\\"hzlun\\\">Third Owl Text</p>\", \"owl_photo4\": 11, \"content_title4\": \"<p data-block-key=\\\"snd0l\\\">Fourth Owl Title</p>\", \"content_text4\": \"<p data-block-key=\\\"y1uay\\\">Fourth Owl Text</p>\", \"quote_photo\": 7, \"quote_title\": \"<p data-block-key=\\\"36za0\\\">Quote Title</p>\", \"quote_text\": \"<p data-block-key=\\\"ci9eh\\\">Quote Text</p>\", \"skill_photo\": 3, \"skill_title\": \"<p data-block-key=\\\"csz24\\\">Skill Title</p>\", \"skill1\": \"<p data-block-key=\\\"ycxgt\\\">First Skull</p>\", \"skill2\": \"<p data-block-key=\\\"9i35s\\\">Second Skill</p>\", \"skill3\": \"<p data-block-key=\\\"iv6jp\\\">Third Skill</p>\", \"embed_video\": \"<p data-block-key=\\\"ia2xh\\\"></p><embed embedtype=\\\"media\\\" url=\\\"https://www.youtube.com/watch?v=kxPCFljwJws\\\"/><h2 data-block-key=\\\"7tuq9\\\"></h2>\", \"comments\": []}", "approved_go_live_at": null } }, { "model": "wagtailcore.pagerevision", "pk": 19, "fields": { "page": 3, "submitted_for_moderation": false, "created_at": "2021-11-02T16:03:48.899Z", "user": 8, "content_json": "{\"pk\": 3, \"path\": \"00010001\", \"depth\": 2, \"numchild\": 4, \"translation_key\": \"087deb6c-7e32-46a4-933d-5751ff103bfe\", \"locale\": 1, \"title\": \"Home\", \"draft_title\": \"Home\", \"slug\": \"home\", \"content_type\": 2, \"live\": true, \"has_unpublished_changes\": false, \"url_path\": \"/home/\", \"owner\": null, \"seo_title\": \"\", \"show_in_menus\": false, \"search_description\": \"\", \"go_live_at\": null, \"expire_at\": null, \"expired\": false, \"locked\": false, \"locked_at\": null, \"locked_by\": null, \"first_published_at\": \"2021-10-21T18:22:31.590Z\", \"last_published_at\": \"2021-11-02T13:29:41.745Z\", \"latest_revision_created_at\": \"2021-11-02T13:29:41.674Z\", \"live_revision\": 18, \"alias_of\": null, \"banner_text\": \"<h2 data-block-key=\\\"5xxur\\\">CONNECT AND ENGAGE PATIENTS TO IMPROVE OUTCOME</h2>\", \"secondary_text\": \"<p data-block-key=\\\"ww02s\\\">Hero Text</p>\", \"photo\": 3, \"content_title\": \"<p data-block-key=\\\"ibwav\\\">Content Title</p>\", \"content_p\": \"<p data-block-key=\\\"vnvkv\\\">Content Secondary Title</p>\", \"content_text\": \"<p data-block-key=\\\"92zhp\\\">Content Text</p>\", \"content_photo1\": 4, \"content_photo2\": 3, \"card_photo1\": 12, \"first_card_title\": \"<h3 data-block-key=\\\"eaad3\\\">First Card Title</h3>\", \"card_photo2\": 12, \"second_card_title\": \"<h3 data-block-key=\\\"b4qxr\\\">Second Card Title</h3>\", \"card_photo3\": 12, \"third_card_title\": \"<h3 data-block-key=\\\"1urp2\\\">Third Card Title</h3>\", \"card_photo4\": 12, \"fourth_card_title\": \"<h3 data-block-key=\\\"7pirz\\\">Fourth Card Title</h3>\", \"first_card_text\": \"<p data-block-key=\\\"ku04q\\\"><b>First Card Text</b></p>\", \"second_card_text\": \"<p data-block-key=\\\"lam0e\\\"><b>Second Card Text</b></p>\", \"third_card_text\": \"<p data-block-key=\\\"mnmor\\\"><b>Third Card Text</b></p>\", \"fourth_card_text\": \"<p data-block-key=\\\"7wrvr\\\"><b>Fourth Card Text</b></p>\", \"bcontent_title\": \"<p data-block-key=\\\"ztayr\\\">Bottom Content Title</p>\", \"bcontent_text\": \"<p data-block-key=\\\"ls9ip\\\">Bottom Content Text</p>\", \"founder_text\": \"<p data-block-key=\\\"0pne2\\\">Founder Founder</p>\", \"bcontent_signature\": 3, \"bcontent_photo\": 4, \"res_list1\": \"Test 1\", \"res_list2\": \"Test2\", \"res_list3\": \"Test3\", \"res_list4\": \"Test4\", \"res_list5\": \"Test5\", \"res_list6\": \"Test6\", \"owl_title\": \"<p data-block-key=\\\"m5bnz\\\">Owl Title</p>\", \"owl_text\": \"<p data-block-key=\\\"pi2oi\\\">Owl Text</p>\", \"owl_photo1\": 4, \"content_title1\": \"<p data-block-key=\\\"kkzrq\\\">First Owl Title</p>\", \"content_text1\": \"<p data-block-key=\\\"ufl80\\\">First Owl Text</p>\", \"owl_photo2\": 3, \"content_title2\": \"<p data-block-key=\\\"09ls8\\\">Second Owl Title</p>\", \"content_text2\": \"<p data-block-key=\\\"ijgtg\\\">Second Owl Text</p>\", \"owl_photo3\": 10, \"content_title3\": \"<p data-block-key=\\\"9sjwc\\\">Third Owl Title</p>\", \"content_text3\": \"<p data-block-key=\\\"hzlun\\\">Third Owl Text</p>\", \"owl_photo4\": 11, \"content_title4\": \"<p data-block-key=\\\"snd0l\\\">Fourth Owl Title</p>\", \"content_text4\": \"<p data-block-key=\\\"y1uay\\\">Fourth Owl Text</p>\", \"quote_photo\": 7, \"quote_title\": \"<p data-block-key=\\\"36za0\\\">Quote Title</p>\", \"quote_text\": \"<p data-block-key=\\\"ci9eh\\\">Quote Text</p>\", \"skill_photo\": 3, \"skill_title\": \"<p data-block-key=\\\"csz24\\\">Skill Title</p>\", \"skill1\": \"<p data-block-key=\\\"ycxgt\\\">First Skull</p>\", \"skill2\": \"<p data-block-key=\\\"9i35s\\\">Second Skill</p>\", \"skill3\": \"<p data-block-key=\\\"iv6jp\\\">Third Skill</p>\", \"embed_video\": \"<p data-block-key=\\\"ia2xh\\\"></p><embed embedtype=\\\"media\\\" url=\\\"https://www.youtube.com/watch?v=kxPCFljwJws\\\"/><h2 data-block-key=\\\"7tuq9\\\"></h2>\", \"comments\": []}", "approved_go_live_at": null } }, { "model": "wagtailcore.pagerevision", "pk": 20, "fields": { "page": 3, "submitted_for_moderation": false, "created_at": "2021-11-03T16:14:46.160Z", "user": 8, "content_json": "{\"pk\": 3, \"path\": \"00010001\", \"depth\": 2, \"numchild\": 4, \"translation_key\": \"087deb6c-7e32-46a4-933d-5751ff103bfe\", \"locale\": 1, \"title\": \"Home\", \"draft_title\": \"Home\", \"slug\": \"home\", \"content_type\": 2, \"live\": true, \"has_unpublished_changes\": false, \"url_path\": \"/home/\", \"owner\": null, \"seo_title\": \"\", \"show_in_menus\": false, \"search_description\": \"\", \"go_live_at\": null, \"expire_at\": null, \"expired\": false, \"locked\": false, \"locked_at\": null, \"locked_by\": null, \"first_published_at\": \"2021-10-21T18:22:31.590Z\", \"last_published_at\": \"2021-11-02T16:03:48.947Z\", \"latest_revision_created_at\": \"2021-11-02T16:03:48.899Z\", \"live_revision\": 19, \"alias_of\": null, \"banner_text\": \"<h2 data-block-key=\\\"5xxur\\\">CONNECT AND ENGAGE PATIENTS TO IMPROVE OUTCOME</h2>\", \"secondary_text\": \"<p data-block-key=\\\"ww02s\\\">Hero Text</p>\", \"photo\": 3, \"content_title\": \"<p data-block-key=\\\"ibwav\\\">Content Title</p>\", \"content_p\": \"<p data-block-key=\\\"vnvkv\\\">Content Secondary Title</p>\", \"content_text\": \"<p data-block-key=\\\"92zhp\\\">Content Text</p>\", \"content_photo1\": 4, \"content_photo2\": 3, \"card_photo1\": 12, \"first_card_title\": \"<h3 data-block-key=\\\"eaad3\\\">First Card Title</h3>\", \"card_photo2\": 12, \"second_card_title\": \"<h3 data-block-key=\\\"b4qxr\\\">Second Card Title</h3>\", \"card_photo3\": 12, \"third_card_title\": \"<h3 data-block-key=\\\"1urp2\\\">Third Card Title</h3>\", \"card_photo4\": 12, \"fourth_card_title\": \"<h3 data-block-key=\\\"7pirz\\\">Fourth Card Title</h3>\", \"first_card_text\": \"<p data-block-key=\\\"ku04q\\\"><b>First Card Text</b></p>\", \"second_card_text\": \"<p data-block-key=\\\"lam0e\\\"><b>Second Card Text</b></p>\", \"third_card_text\": \"<p data-block-key=\\\"mnmor\\\"><b>Third Card Text</b></p>\", \"fourth_card_text\": \"<p data-block-key=\\\"7wrvr\\\"><b>Fourth Card Text</b></p>\", \"bcontent_title\": \"<p data-block-key=\\\"ztayr\\\">Bottom Content Title</p>\", \"bcontent_text\": \"<p data-block-key=\\\"ls9ip\\\">Bottom Content Text</p>\", \"founder_text\": \"<p data-block-key=\\\"0pne2\\\">Founder Founder</p>\", \"bcontent_signature\": 3, \"bcontent_photo\": 4, \"res_list1\": \"Test 1\", \"res_list2\": \"Test2\", \"res_list3\": \"Test3\", \"res_list4\": \"Test4\", \"res_list5\": \"Test5\", \"res_list6\": \"Test6\", \"owl_title\": \"<p data-block-key=\\\"m5bnz\\\">Owl Title</p>\", \"owl_text\": \"<p data-block-key=\\\"pi2oi\\\">Owl Text</p>\", \"owl_photo1\": 4, \"content_title1\": \"<p data-block-key=\\\"kkzrq\\\">First Owl Title</p>\", \"content_text1\": \"<p data-block-key=\\\"ufl80\\\">First Owl Text</p>\", \"owl_photo2\": 3, \"content_title2\": \"<p data-block-key=\\\"09ls8\\\">Second Owl Title</p>\", \"content_text2\": \"<p data-block-key=\\\"ijgtg\\\">Second Owl Text</p>\", \"owl_photo3\": 10, \"content_title3\": \"<p data-block-key=\\\"9sjwc\\\">Third Owl Title</p>\", \"content_text3\": \"<p data-block-key=\\\"hzlun\\\">Third Owl Text</p>\", \"owl_photo4\": 11, \"content_title4\": \"<p data-block-key=\\\"snd0l\\\">Fourth Owl Title</p>\", \"content_text4\": \"<p data-block-key=\\\"y1uay\\\">Fourth Owl Text</p>\", \"quote_photo\": 7, \"quote_title\": \"<p data-block-key=\\\"36za0\\\">Quote Title</p>\", \"quote_text\": \"<p data-block-key=\\\"ci9eh\\\">Quote Text</p>\", \"skill_photo\": 3, \"skill_title\": \"<p data-block-key=\\\"csz24\\\">Skill Title</p>\", \"skill1\": \"<p data-block-key=\\\"ycxgt\\\">First Skull</p>\", \"skill2\": \"<p data-block-key=\\\"9i35s\\\">Second Skill</p>\", \"skill3\": \"<p data-block-key=\\\"iv6jp\\\">Third Skill</p>\", \"embed_video\": \"<p data-block-key=\\\"ia2xh\\\"></p><embed embedtype=\\\"media\\\" url=\\\"https://www.youtube.com/watch?v=kxPCFljwJws\\\"/><p data-block-key=\\\"7tuq9\\\"></p>\", \"comments\": []}", "approved_go_live_at": null } }, { "model": "wagtailcore.pagerevision", "pk": 21, "fields": { "page": 3, "submitted_for_moderation": false, "created_at": "2021-11-03T17:07:29.622Z", "user": 8, "content_json": "{\"pk\": 3, \"path\": \"00010001\", \"depth\": 2, \"numchild\": 4, \"translation_key\": \"087deb6c-7e32-46a4-933d-5751ff103bfe\", \"locale\": 1, \"title\": \"Home\", \"draft_title\": \"Home\", \"slug\": \"home\", \"content_type\": 2, \"live\": true, \"has_unpublished_changes\": false, \"url_path\": \"/home/\", \"owner\": null, \"seo_title\": \"\", \"show_in_menus\": false, \"search_description\": \"\", \"go_live_at\": null, \"expire_at\": null, \"expired\": false, \"locked\": false, \"locked_at\": null, \"locked_by\": null, \"first_published_at\": \"2021-10-21T18:22:31.590Z\", \"last_published_at\": \"2021-11-03T16:14:46.251Z\", \"latest_revision_created_at\": \"2021-11-03T16:14:46.160Z\", \"live_revision\": 20, \"alias_of\": null, \"banner_text\": \"<h2 data-block-key=\\\"5xxur\\\">CONNECT AND ENGAGE PATIENTS TO IMPROVE OUTCOME</h2>\", \"secondary_text\": \"<p data-block-key=\\\"ww02s\\\">Hero Text</p>\", \"photo\": 3, \"content_title\": \"<p data-block-key=\\\"ibwav\\\">Content Title</p>\", \"content_p\": \"<p data-block-key=\\\"vnvkv\\\">Content Secondary Title</p>\", \"content_text\": \"<p data-block-key=\\\"92zhp\\\">Content Text</p>\", \"content_photo1\": 4, \"content_photo2\": 3, \"card_photo1\": 12, \"first_card_title\": \"<h3 data-block-key=\\\"eaad3\\\">First Card Title</h3>\", \"card_photo2\": 12, \"second_card_title\": \"<h3 data-block-key=\\\"b4qxr\\\">Second Card Title</h3>\", \"card_photo3\": 12, \"third_card_title\": \"<h3 data-block-key=\\\"1urp2\\\">Third Card Title</h3>\", \"card_photo4\": 12, \"fourth_card_title\": \"<h3 data-block-key=\\\"7pirz\\\">Fourth Card Title</h3>\", \"first_card_text\": \"<p data-block-key=\\\"ku04q\\\"><b>First Card Text</b></p>\", \"second_card_text\": \"<p data-block-key=\\\"lam0e\\\"><b>Second Card Text</b></p>\", \"third_card_text\": \"<p data-block-key=\\\"mnmor\\\"><b>Third Card Text</b></p>\", \"fourth_card_text\": \"<p data-block-key=\\\"7wrvr\\\"><b>Fourth Card Text</b></p>\", \"bcontent_title\": \"<p data-block-key=\\\"ztayr\\\">Bottom Content Title</p>\", \"bcontent_text\": \"<p data-block-key=\\\"ls9ip\\\">Bottom Content Text</p>\", \"founder_text\": \"<p data-block-key=\\\"0pne2\\\">Founder Founder</p>\", \"bcontent_signature\": 3, \"bcontent_photo\": 4, \"res_list1\": \"Test 1\", \"res_list2\": \"Test2\", \"res_list3\": \"Test3\", \"res_list4\": \"Test4\", \"res_list5\": \"Test5\", \"res_list6\": \"Test6\", \"owl_title\": \"<p data-block-key=\\\"m5bnz\\\">Owl Title</p>\", \"owl_text\": \"<p data-block-key=\\\"pi2oi\\\">Owl Text</p>\", \"owl_photo1\": 4, \"content_title1\": \"<p data-block-key=\\\"kkzrq\\\">First Owl Title</p>\", \"content_text1\": \"<p data-block-key=\\\"ufl80\\\">First Owl Text</p>\", \"owl_photo2\": 3, \"content_title2\": \"<p data-block-key=\\\"09ls8\\\">Second Owl Title</p>\", \"content_text2\": \"<p data-block-key=\\\"ijgtg\\\">Second Owl Text</p>\", \"owl_photo3\": 10, \"content_title3\": \"<p data-block-key=\\\"9sjwc\\\">Third Owl Title</p>\", \"content_text3\": \"<p data-block-key=\\\"hzlun\\\">Third Owl Text</p>\", \"owl_photo4\": 11, \"content_title4\": \"<p data-block-key=\\\"snd0l\\\">Fourth Owl Title</p>\", \"content_text4\": \"<p data-block-key=\\\"y1uay\\\">Fourth Owl Text</p>\", \"quote_photo\": 7, \"quote_title\": \"<p data-block-key=\\\"36za0\\\">Quote Title</p>\", \"quote_text\": \"<p data-block-key=\\\"ci9eh\\\">Quote Text</p>\", \"skill_photo\": 3, \"skill_title\": \"<h2 data-block-key=\\\"csz24\\\">Type Your Title Here Title Here </h2>\", \"skill1\": \"<p data-block-key=\\\"ycxgt\\\">fndskjnfksdnfn,dsnfmsmdfnsd,mfsndsdjkhfjksdnfknsdnf,msdnfm,sndfjkhsdjfbsdfsd</p>\", \"skill2\": \"<p data-block-key=\\\"9i35s\\\">Second Skill</p>\", \"skill3\": \"<p data-block-key=\\\"iv6jp\\\">Third Skill</p>\", \"embed_video\": \"<p data-block-key=\\\"ia2xh\\\"></p><embed embedtype=\\\"media\\\" url=\\\"https://www.youtube.com/watch?v=kxPCFljwJws\\\"/><p data-block-key=\\\"7tuq9\\\"></p><p data-block-key=\\\"fshq4\\\"></p>\", \"comments\": []}", "approved_go_live_at": null } }, { "model": "wagtailcore.grouppagepermission", "pk": 1, "fields": { "group": 1, "page": 1, "permission_type": "add" } }, { "model": "wagtailcore.grouppagepermission", "pk": 2, "fields": { "group": 1, "page": 1, "permission_type": "edit" } }, { "model": "wagtailcore.grouppagepermission", "pk": 3, "fields": { "group": 1, "page": 1, "permission_type": "publish" } }, { "model": "wagtailcore.grouppagepermission", "pk": 4, "fields": { "group": 2, "page": 1, "permission_type": "add" } }, { "model": "wagtailcore.grouppagepermission", "pk": 5, "fields": { "group": 2, "page": 1, "permission_type": "edit" } }, { "model": "wagtailcore.grouppagepermission", "pk": 6, "fields": { "group": 1, "page": 1, "permission_type": "lock" } }, { "model": "wagtailcore.grouppagepermission", "pk": 7, "fields": { "group": 1, "page": 1, "permission_type": "unlock" } }, { "model": "wagtailcore.workflowpage", "pk": 1, "fields": { "workflow": 1 } }, { "model": "wagtailcore.workflowtask", "pk": 1, "fields": { "sort_order": 0, "workflow": 1, "task": 1 } }, { "model": "wagtailcore.task", "pk": 1, "fields": { "name": "Moderators approval", "content_type": 4, "active": true } }, { "model": "wagtailcore.workflow", "pk": 1, "fields": { "name": "Moderators approval", "active": true } }, { "model": "wagtailcore.groupapprovaltask", "pk": 1, "fields": { "groups": [1] } }, { "model": "wagtailcore.pagelogentry", "pk": 1, "fields": { "content_type": 2, "label": "Home", "action": "wagtail.edit", "data_json": "\"\"", "timestamp": "2021-10-21T18:22:31.568Z", "user": 1, "content_changed": true, "deleted": false, "page": 3, "revision": 1 } }, { "model": "wagtailcore.pagelogentry", "pk": 2, "fields": { "content_type": 2, "label": "Home", "action": "wagtail.publish", "data_json": "null", "timestamp": "2021-10-21T18:22:31.621Z", "user": 1, "content_changed": true, "deleted": false, "page": 3, "revision": 1 } }, { "model": "wagtailcore.pagelogentry", "pk": 3, "fields": { "content_type": 42, "label": "About Us", "action": "wagtail.create", "data_json": "\"\"", "timestamp": "2021-10-21T21:03:00.517Z", "user": 1, "content_changed": true, "deleted": false, "page": 4, "revision": null } }, { "model": "wagtailcore.pagelogentry", "pk": 4, "fields": { "content_type": 42, "label": "About Us", "action": "wagtail.publish", "data_json": "null", "timestamp": "2021-10-21T21:03:00.592Z", "user": 1, "content_changed": true, "deleted": false, "page": 4, "revision": 2 } }, { "model": "wagtailcore.pagelogentry", "pk": 5, "fields": { "content_type": 42, "label": "About Us", "action": "wagtail.edit", "data_json": "\"\"", "timestamp": "2021-10-21T21:24:49.613Z", "user": 1, "content_changed": true, "deleted": false, "page": 4, "revision": 3 } }, { "model": "wagtailcore.pagelogentry", "pk": 6, "fields": { "content_type": 42, "label": "About Us", "action": "wagtail.publish", "data_json": "null", "timestamp": "2021-10-21T21:24:49.672Z", "user": 1, "content_changed": true, "deleted": false, "page": 4, "revision": 3 } }, { "model": "wagtailcore.pagelogentry", "pk": 7, "fields": { "content_type": 2, "label": "Home", "action": "wagtail.edit", "data_json": "\"\"", "timestamp": "2021-10-21T21:26:27.325Z", "user": 1, "content_changed": true, "deleted": false, "page": 3, "revision": 4 } }, { "model": "wagtailcore.pagelogentry", "pk": 8, "fields": { "content_type": 2, "label": "Home", "action": "wagtail.publish", "data_json": "null", "timestamp": "2021-10-21T21:26:27.395Z", "user": 1, "content_changed": true, "deleted": false, "page": 3, "revision": 4 } }, { "model": "wagtailcore.pagelogentry", "pk": 9, "fields": { "content_type": 2, "label": "Home", "action": "wagtail.edit", "data_json": "\"\"", "timestamp": "2021-10-21T21:26:52.428Z", "user": 1, "content_changed": true, "deleted": false, "page": 3, "revision": 5 } }, { "model": "wagtailcore.pagelogentry", "pk": 10, "fields": { "content_type": 2, "label": "Home", "action": "wagtail.publish", "data_json": "null", "timestamp": "2021-10-21T21:26:52.473Z", "user": 1, "content_changed": true, "deleted": false, "page": 3, "revision": 5 } }, { "model": "wagtailcore.pagelogentry", "pk": 11, "fields": { "content_type": 45, "label": "Physician", "action": "wagtail.create", "data_json": "\"\"", "timestamp": "2021-10-22T12:43:33.847Z", "user": 1, "content_changed": true, "deleted": false, "page": 5, "revision": null } }, { "model": "wagtailcore.pagelogentry", "pk": 12, "fields": { "content_type": 45, "label": "Physician", "action": "wagtail.publish", "data_json": "null", "timestamp": "2021-10-22T12:43:33.967Z", "user": 1, "content_changed": true, "deleted": false, "page": 5, "revision": 6 } }, { "model": "wagtailcore.pagelogentry", "pk": 13, "fields": { "content_type": 46, "label": "Patient", "action": "wagtail.create", "data_json": "\"\"", "timestamp": "2021-10-22T12:48:59.423Z", "user": 1, "content_changed": true, "deleted": false, "page": 6, "revision": null } }, { "model": "wagtailcore.pagelogentry", "pk": 14, "fields": { "content_type": 46, "label": "Patient", "action": "wagtail.publish", "data_json": "null", "timestamp": "2021-10-22T12:48:59.520Z", "user": 1, "content_changed": true, "deleted": false, "page": 6, "revision": 7 } }, { "model": "wagtailcore.pagelogentry", "pk": 15, "fields": { "content_type": 47, "label": "Contact", "action": "wagtail.create", "data_json": "\"\"", "timestamp": "2021-10-22T12:53:51.220Z", "user": 1, "content_changed": true, "deleted": false, "page": 7, "revision": null } }, { "model": "wagtailcore.pagelogentry", "pk": 16, "fields": { "content_type": 47, "label": "Contact", "action": "wagtail.publish", "data_json": "null", "timestamp": "2021-10-22T12:53:51.303Z", "user": 1, "content_changed": true, "deleted": false, "page": 7, "revision": 8 } }, { "model": "wagtailcore.pagelogentry", "pk": 17, "fields": { "content_type": 2, "label": "Home", "action": "wagtail.edit", "data_json": "\"\"", "timestamp": "2021-10-23T13:01:31.542Z", "user": 1, "content_changed": true, "deleted": false, "page": 3, "revision": 9 } }, { "model": "wagtailcore.pagelogentry", "pk": 18, "fields": { "content_type": 2, "label": "Home", "action": "wagtail.publish", "data_json": "null", "timestamp": "2021-10-23T13:01:31.630Z", "user": 1, "content_changed": true, "deleted": false, "page": 3, "revision": 9 } }, { "model": "wagtailcore.pagelogentry", "pk": 19, "fields": { "content_type": 2, "label": "Home", "action": "wagtail.edit", "data_json": "\"\"", "timestamp": "2021-10-31T18:26:56.659Z", "user": 8, "content_changed": true, "deleted": false, "page": 3, "revision": 10 } }, { "model": "wagtailcore.pagelogentry", "pk": 20, "fields": { "content_type": 2, "label": "Home", "action": "wagtail.publish", "data_json": "null", "timestamp": "2021-10-31T18:26:56.769Z", "user": 8, "content_changed": true, "deleted": false, "page": 3, "revision": 10 } }, { "model": "wagtailcore.pagelogentry", "pk": 21, "fields": { "content_type": 2, "label": "Home", "action": "wagtail.edit", "data_json": "\"\"", "timestamp": "2021-10-31T18:29:13.573Z", "user": 8, "content_changed": true, "deleted": false, "page": 3, "revision": 11 } }, { "model": "wagtailcore.pagelogentry", "pk": 22, "fields": { "content_type": 2, "label": "Home", "action": "wagtail.publish", "data_json": "null", "timestamp": "2021-10-31T18:29:13.665Z", "user": 8, "content_changed": true, "deleted": false, "page": 3, "revision": 11 } }, { "model": "wagtailcore.pagelogentry", "pk": 23, "fields": { "content_type": 2, "label": "Home", "action": "wagtail.edit", "data_json": "\"\"", "timestamp": "2021-11-01T16:19:09.235Z", "user": 8, "content_changed": true, "deleted": false, "page": 3, "revision": 12 } }, { "model": "wagtailcore.pagelogentry", "pk": 24, "fields": { "content_type": 2, "label": "Home", "action": "wagtail.publish", "data_json": "null", "timestamp": "2021-11-01T16:19:09.329Z", "user": 8, "content_changed": true, "deleted": false, "page": 3, "revision": 12 } }, { "model": "wagtailcore.pagelogentry", "pk": 25, "fields": { "content_type": 2, "label": "Home", "action": "wagtail.edit", "data_json": "\"\"", "timestamp": "2021-11-01T16:19:36.065Z", "user": 8, "content_changed": true, "deleted": false, "page": 3, "revision": 13 } }, { "model": "wagtailcore.pagelogentry", "pk": 26, "fields": { "content_type": 2, "label": "Home", "action": "wagtail.publish", "data_json": "null", "timestamp": "2021-11-01T16:19:36.161Z", "user": 8, "content_changed": true, "deleted": false, "page": 3, "revision": 13 } }, { "model": "wagtailcore.pagelogentry", "pk": 27, "fields": { "content_type": 2, "label": "Home", "action": "wagtail.edit", "data_json": "\"\"", "timestamp": "2021-11-01T16:45:27.520Z", "user": 8, "content_changed": true, "deleted": false, "page": 3, "revision": 14 } }, { "model": "wagtailcore.pagelogentry", "pk": 28, "fields": { "content_type": 2, "label": "Home", "action": "wagtail.publish", "data_json": "null", "timestamp": "2021-11-01T16:45:27.614Z", "user": 8, "content_changed": true, "deleted": false, "page": 3, "revision": 14 } }, { "model": "wagtailcore.pagelogentry", "pk": 29, "fields": { "content_type": 2, "label": "Home", "action": "wagtail.edit", "data_json": "\"\"", "timestamp": "2021-11-01T16:52:53.317Z", "user": 8, "content_changed": true, "deleted": false, "page": 3, "revision": 15 } }, { "model": "wagtailcore.pagelogentry", "pk": 30, "fields": { "content_type": 2, "label": "Home", "action": "wagtail.publish", "data_json": "null", "timestamp": "2021-11-01T16:52:53.413Z", "user": 8, "content_changed": true, "deleted": false, "page": 3, "revision": 15 } }, { "model": "wagtailcore.pagelogentry", "pk": 31, "fields": { "content_type": 2, "label": "Home", "action": "wagtail.edit", "data_json": "\"\"", "timestamp": "2021-11-01T18:03:09.268Z", "user": 8, "content_changed": true, "deleted": false, "page": 3, "revision": 16 } }, { "model": "wagtailcore.pagelogentry", "pk": 32, "fields": { "content_type": 2, "label": "Home", "action": "wagtail.publish", "data_json": "null", "timestamp": "2021-11-01T18:03:09.362Z", "user": 8, "content_changed": true, "deleted": false, "page": 3, "revision": 16 } }, { "model": "wagtailcore.pagelogentry", "pk": 33, "fields": { "content_type": 2, "label": "Home", "action": "wagtail.edit", "data_json": "\"\"", "timestamp": "2021-11-02T12:38:14.238Z", "user": 8, "content_changed": true, "deleted": false, "page": 3, "revision": 17 } }, { "model": "wagtailcore.pagelogentry", "pk": 34, "fields": { "content_type": 2, "label": "Home", "action": "wagtail.publish", "data_json": "null", "timestamp": "2021-11-02T12:38:14.343Z", "user": 8, "content_changed": true, "deleted": false, "page": 3, "revision": 17 } }, { "model": "wagtailcore.pagelogentry", "pk": 35, "fields": { "content_type": 2, "label": "Home", "action": "wagtail.edit", "data_json": "\"\"", "timestamp": "2021-11-02T13:29:41.702Z", "user": 8, "content_changed": true, "deleted": false, "page": 3, "revision": 18 } }, { "model": "wagtailcore.pagelogentry", "pk": 36, "fields": { "content_type": 2, "label": "Home", "action": "wagtail.publish", "data_json": "null", "timestamp": "2021-11-02T13:29:41.792Z", "user": 8, "content_changed": true, "deleted": false, "page": 3, "revision": 18 } }, { "model": "wagtailcore.pagelogentry", "pk": 37, "fields": { "content_type": 2, "label": "Home", "action": "wagtail.edit", "data_json": "\"\"", "timestamp": "2021-11-02T16:03:48.917Z", "user": 8, "content_changed": true, "deleted": false, "page": 3, "revision": 19 } }, { "model": "wagtailcore.pagelogentry", "pk": 38, "fields": { "content_type": 2, "label": "Home", "action": "wagtail.publish", "data_json": "null", "timestamp": "2021-11-02T16:03:48.979Z", "user": 8, "content_changed": true, "deleted": false, "page": 3, "revision": 19 } }, { "model": "wagtailcore.pagelogentry", "pk": 39, "fields": { "content_type": 2, "label": "Home", "action": "wagtail.edit", "data_json": "\"\"", "timestamp": "2021-11-03T16:14:46.195Z", "user": 8, "content_changed": true, "deleted": false, "page": 3, "revision": 20 } }, { "model": "wagtailcore.pagelogentry", "pk": 40, "fields": { "content_type": 2, "label": "Home", "action": "wagtail.publish", "data_json": "null", "timestamp": "2021-11-03T16:14:46.323Z", "user": 8, "content_changed": true, "deleted": false, "page": 3, "revision": 20 } }, { "model": "wagtailcore.pagelogentry", "pk": 41, "fields": { "content_type": 2, "label": "Home", "action": "wagtail.edit", "data_json": "\"\"", "timestamp": "2021-11-03T17:07:29.647Z", "user": 8, "content_changed": true, "deleted": false, "page": 3, "revision": 21 } }, { "model": "wagtailcore.pagelogentry", "pk": 42, "fields": { "content_type": 2, "label": "Home", "action": "wagtail.publish", "data_json": "null", "timestamp": "2021-11-03T17:07:29.703Z", "user": 8, "content_changed": true, "deleted": false, "page": 3, "revision": 21 } }, { "model": "wagtailcore.pagesubscription", "pk": 1, "fields": { "user": 1, "page": 3, "comment_notifications": false } }, { "model": "wagtailcore.pagesubscription", "pk": 2, "fields": { "user": 1, "page": 4, "comment_notifications": true } }, { "model": "wagtailcore.pagesubscription", "pk": 3, "fields": { "user": 1, "page": 5, "comment_notifications": true } }, { "model": "wagtailcore.pagesubscription", "pk": 4, "fields": { "user": 1, "page": 6, "comment_notifications": true } }, { "model": "wagtailcore.pagesubscription", "pk": 5, "fields": { "user": 1, "page": 7, "comment_notifications": true } }, { "model": "wagtailcore.pagesubscription", "pk": 6, "fields": { "user": 8, "page": 3, "comment_notifications": false } }, { "model": "auth.permission", "pk": 1, "fields": { "name": "Can access Wagtail admin", "content_type": 3, "codename": "access_admin" } }, { "model": "auth.permission", "pk": 2, "fields": { "name": "Can add document", "content_type": 5, "codename": "add_document" } }, { "model": "auth.permission", "pk": 3, "fields": { "name": "Can change document", "content_type": 5, "codename": "change_document" } }, { "model": "auth.permission", "pk": 4, "fields": { "name": "Can delete document", "content_type": 5, "codename": "delete_document" } }, { "model": "auth.permission", "pk": 5, "fields": { "name": "Can choose document", "content_type": 5, "codename": "choose_document" } }, { "model": "auth.permission", "pk": 6, "fields": { "name": "Can add image", "content_type": 6, "codename": "add_image" } }, { "model": "auth.permission", "pk": 7, "fields": { "name": "Can change image", "content_type": 6, "codename": "change_image" } }, { "model": "auth.permission", "pk": 8, "fields": { "name": "Can delete image", "content_type": 6, "codename": "delete_image" } }, { "model": "auth.permission", "pk": 9, "fields": { "name": "Can choose image", "content_type": 6, "codename": "choose_image" } }, { "model": "auth.permission", "pk": 10, "fields": { "name": "Can add home page", "content_type": 2, "codename": "add_homepage" } }, { "model": "auth.permission", "pk": 11, "fields": { "name": "Can change home page", "content_type": 2, "codename": "change_homepage" } }, { "model": "auth.permission", "pk": 12, "fields": { "name": "Can delete home page", "content_type": 2, "codename": "delete_homepage" } }, { "model": "auth.permission", "pk": 13, "fields": { "name": "Can view home page", "content_type": 2, "codename": "view_homepage" } }, { "model": "auth.permission", "pk": 14, "fields": { "name": "Can add form submission", "content_type": 7, "codename": "add_formsubmission" } }, { "model": "auth.permission", "pk": 15, "fields": { "name": "Can change form submission", "content_type": 7, "codename": "change_formsubmission" } }, { "model": "auth.permission", "pk": 16, "fields": { "name": "Can delete form submission", "content_type": 7, "codename": "delete_formsubmission" } }, { "model": "auth.permission", "pk": 17, "fields": { "name": "Can view form submission", "content_type": 7, "codename": "view_formsubmission" } }, { "model": "auth.permission", "pk": 18, "fields": { "name": "Can add redirect", "content_type": 8, "codename": "add_redirect" } }, { "model": "auth.permission", "pk": 19, "fields": { "name": "Can change redirect", "content_type": 8, "codename": "change_redirect" } }, { "model": "auth.permission", "pk": 20, "fields": { "name": "Can delete redirect", "content_type": 8, "codename": "delete_redirect" } }, { "model": "auth.permission", "pk": 21, "fields": { "name": "Can view redirect", "content_type": 8, "codename": "view_redirect" } }, { "model": "auth.permission", "pk": 22, "fields": { "name": "Can add embed", "content_type": 9, "codename": "add_embed" } }, { "model": "auth.permission", "pk": 23, "fields": { "name": "Can change embed", "content_type": 9, "codename": "change_embed" } }, { "model": "auth.permission", "pk": 24, "fields": { "name": "Can delete embed", "content_type": 9, "codename": "delete_embed" } }, { "model": "auth.permission", "pk": 25, "fields": { "name": "Can view embed", "content_type": 9, "codename": "view_embed" } }, { "model": "auth.permission", "pk": 26, "fields": { "name": "Can add user profile", "content_type": 10, "codename": "add_userprofile" } }, { "model": "auth.permission", "pk": 27, "fields": { "name": "Can change user profile", "content_type": 10, "codename": "change_userprofile" } }, { "model": "auth.permission", "pk": 28, "fields": { "name": "Can delete user profile", "content_type": 10, "codename": "delete_userprofile" } }, { "model": "auth.permission", "pk": 29, "fields": { "name": "Can view user profile", "content_type": 10, "codename": "view_userprofile" } }, { "model": "auth.permission", "pk": 30, "fields": { "name": "Can view document", "content_type": 5, "codename": "view_document" } }, { "model": "auth.permission", "pk": 31, "fields": { "name": "Can add uploaded document", "content_type": 11, "codename": "add_uploadeddocument" } }, { "model": "auth.permission", "pk": 32, "fields": { "name": "Can change uploaded document", "content_type": 11, "codename": "change_uploadeddocument" } }, { "model": "auth.permission", "pk": 33, "fields": { "name": "Can delete uploaded document", "content_type": 11, "codename": "delete_uploadeddocument" } }, { "model": "auth.permission", "pk": 34, "fields": { "name": "Can view uploaded document", "content_type": 11, "codename": "view_uploadeddocument" } }, { "model": "auth.permission", "pk": 35, "fields": { "name": "Can view image", "content_type": 6, "codename": "view_image" } }, { "model": "auth.permission", "pk": 36, "fields": { "name": "Can add rendition", "content_type": 12, "codename": "add_rendition" } }, { "model": "auth.permission", "pk": 37, "fields": { "name": "Can change rendition", "content_type": 12, "codename": "change_rendition" } }, { "model": "auth.permission", "pk": 38, "fields": { "name": "Can delete rendition", "content_type": 12, "codename": "delete_rendition" } }, { "model": "auth.permission", "pk": 39, "fields": { "name": "Can view rendition", "content_type": 12, "codename": "view_rendition" } }, { "model": "auth.permission", "pk": 40, "fields": { "name": "Can add uploaded image", "content_type": 13, "codename": "add_uploadedimage" } }, { "model": "auth.permission", "pk": 41, "fields": { "name": "Can change uploaded image", "content_type": 13, "codename": "change_uploadedimage" } }, { "model": "auth.permission", "pk": 42, "fields": { "name": "Can delete uploaded image", "content_type": 13, "codename": "delete_uploadedimage" } }, { "model": "auth.permission", "pk": 43, "fields": { "name": "Can view uploaded image", "content_type": 13, "codename": "view_uploadedimage" } }, { "model": "auth.permission", "pk": 44, "fields": { "name": "Can add query", "content_type": 14, "codename": "add_query" } }, { "model": "auth.permission", "pk": 45, "fields": { "name": "Can change query", "content_type": 14, "codename": "change_query" } }, { "model": "auth.permission", "pk": 46, "fields": { "name": "Can delete query", "content_type": 14, "codename": "delete_query" } }, { "model": "auth.permission", "pk": 47, "fields": { "name": "Can view query", "content_type": 14, "codename": "view_query" } }, { "model": "auth.permission", "pk": 48, "fields": { "name": "Can add Query Daily Hits", "content_type": 15, "codename": "add_querydailyhits" } }, { "model": "auth.permission", "pk": 49, "fields": { "name": "Can change Query Daily Hits", "content_type": 15, "codename": "change_querydailyhits" } }, { "model": "auth.permission", "pk": 50, "fields": { "name": "Can delete Query Daily Hits", "content_type": 15, "codename": "delete_querydailyhits" } }, { "model": "auth.permission", "pk": 51, "fields": { "name": "Can view Query Daily Hits", "content_type": 15, "codename": "view_querydailyhits" } }, { "model": "auth.permission", "pk": 52, "fields": { "name": "Can add page", "content_type": 1, "codename": "add_page" } }, { "model": "auth.permission", "pk": 53, "fields": { "name": "Can change page", "content_type": 1, "codename": "change_page" } }, { "model": "auth.permission", "pk": 54, "fields": { "name": "Can delete page", "content_type": 1, "codename": "delete_page" } }, { "model": "auth.permission", "pk": 55, "fields": { "name": "Can view page", "content_type": 1, "codename": "view_page" } }, { "model": "auth.permission", "pk": 56, "fields": { "name": "Can add group page permission", "content_type": 16, "codename": "add_grouppagepermission" } }, { "model": "auth.permission", "pk": 57, "fields": { "name": "Can change group page permission", "content_type": 16, "codename": "change_grouppagepermission" } }, { "model": "auth.permission", "pk": 58, "fields": { "name": "Can delete group page permission", "content_type": 16, "codename": "delete_grouppagepermission" } }, { "model": "auth.permission", "pk": 59, "fields": { "name": "Can view group page permission", "content_type": 16, "codename": "view_grouppagepermission" } }, { "model": "auth.permission", "pk": 60, "fields": { "name": "Can add page revision", "content_type": 17, "codename": "add_pagerevision" } }, { "model": "auth.permission", "pk": 61, "fields": { "name": "Can change page revision", "content_type": 17, "codename": "change_pagerevision" } }, { "model": "auth.permission", "pk": 62, "fields": { "name": "Can delete page revision", "content_type": 17, "codename": "delete_pagerevision" } }, { "model": "auth.permission", "pk": 63, "fields": { "name": "Can view page revision", "content_type": 17, "codename": "view_pagerevision" } }, { "model": "auth.permission", "pk": 64, "fields": { "name": "Can add page view restriction", "content_type": 18, "codename": "add_pageviewrestriction" } }, { "model": "auth.permission", "pk": 65, "fields": { "name": "Can change page view restriction", "content_type": 18, "codename": "change_pageviewrestriction" } }, { "model": "auth.permission", "pk": 66, "fields": { "name": "Can delete page view restriction", "content_type": 18, "codename": "delete_pageviewrestriction" } }, { "model": "auth.permission", "pk": 67, "fields": { "name": "Can view page view restriction", "content_type": 18, "codename": "view_pageviewrestriction" } }, { "model": "auth.permission", "pk": 68, "fields": { "name": "Can add site", "content_type": 19, "codename": "add_site" } }, { "model": "auth.permission", "pk": 69, "fields": { "name": "Can change site", "content_type": 19, "codename": "change_site" } }, { "model": "auth.permission", "pk": 70, "fields": { "name": "Can delete site", "content_type": 19, "codename": "delete_site" } }, { "model": "auth.permission", "pk": 71, "fields": { "name": "Can view site", "content_type": 19, "codename": "view_site" } }, { "model": "auth.permission", "pk": 72, "fields": { "name": "Can add collection", "content_type": 20, "codename": "add_collection" } }, { "model": "auth.permission", "pk": 73, "fields": { "name": "Can change collection", "content_type": 20, "codename": "change_collection" } }, { "model": "auth.permission", "pk": 74, "fields": { "name": "Can delete collection", "content_type": 20, "codename": "delete_collection" } }, { "model": "auth.permission", "pk": 75, "fields": { "name": "Can view collection", "content_type": 20, "codename": "view_collection" } }, { "model": "auth.permission", "pk": 76, "fields": { "name": "Can add group collection permission", "content_type": 21, "codename": "add_groupcollectionpermission" } }, { "model": "auth.permission", "pk": 77, "fields": { "name": "Can change group collection permission", "content_type": 21, "codename": "change_groupcollectionpermission" } }, { "model": "auth.permission", "pk": 78, "fields": { "name": "Can delete group collection permission", "content_type": 21, "codename": "delete_groupcollectionpermission" } }, { "model": "auth.permission", "pk": 79, "fields": { "name": "Can view group collection permission", "content_type": 21, "codename": "view_groupcollectionpermission" } }, { "model": "auth.permission", "pk": 80, "fields": { "name": "Can add collection view restriction", "content_type": 22, "codename": "add_collectionviewrestriction" } }, { "model": "auth.permission", "pk": 81, "fields": { "name": "Can change collection view restriction", "content_type": 22, "codename": "change_collectionviewrestriction" } }, { "model": "auth.permission", "pk": 82, "fields": { "name": "Can delete collection view restriction", "content_type": 22, "codename": "delete_collectionviewrestriction" } }, { "model": "auth.permission", "pk": 83, "fields": { "name": "Can view collection view restriction", "content_type": 22, "codename": "view_collectionviewrestriction" } }, { "model": "auth.permission", "pk": 84, "fields": { "name": "Can add task", "content_type": 23, "codename": "add_task" } }, { "model": "auth.permission", "pk": 85, "fields": { "name": "Can change task", "content_type": 23, "codename": "change_task" } }, { "model": "auth.permission", "pk": 86, "fields": { "name": "Can delete task", "content_type": 23, "codename": "delete_task" } }, { "model": "auth.permission", "pk": 87, "fields": { "name": "Can view task", "content_type": 23, "codename": "view_task" } }, { "model": "auth.permission", "pk": 88, "fields": { "name": "Can add Task state", "content_type": 24, "codename": "add_taskstate" } }, { "model": "auth.permission", "pk": 89, "fields": { "name": "Can change Task state", "content_type": 24, "codename": "change_taskstate" } }, { "model": "auth.permission", "pk": 90, "fields": { "name": "Can delete Task state", "content_type": 24, "codename": "delete_taskstate" } }, { "model": "auth.permission", "pk": 91, "fields": { "name": "Can view Task state", "content_type": 24, "codename": "view_taskstate" } }, { "model": "auth.permission", "pk": 92, "fields": { "name": "Can add workflow", "content_type": 25, "codename": "add_workflow" } }, { "model": "auth.permission", "pk": 93, "fields": { "name": "Can change workflow", "content_type": 25, "codename": "change_workflow" } }, { "model": "auth.permission", "pk": 94, "fields": { "name": "Can delete workflow", "content_type": 25, "codename": "delete_workflow" } }, { "model": "auth.permission", "pk": 95, "fields": { "name": "Can view workflow", "content_type": 25, "codename": "view_workflow" } }, { "model": "auth.permission", "pk": 96, "fields": { "name": "Can add Group approval task", "content_type": 4, "codename": "add_groupapprovaltask" } }, { "model": "auth.permission", "pk": 97, "fields": { "name": "Can change Group approval task", "content_type": 4, "codename": "change_groupapprovaltask" } }, { "model": "auth.permission", "pk": 98, "fields": { "name": "Can delete Group approval task", "content_type": 4, "codename": "delete_groupapprovaltask" } }, { "model": "auth.permission", "pk": 99, "fields": { "name": "Can view Group approval task", "content_type": 4, "codename": "view_groupapprovaltask" } }, { "model": "auth.permission", "pk": 100, "fields": { "name": "Can add Workflow state", "content_type": 26, "codename": "add_workflowstate" } }, { "model": "auth.permission", "pk": 101, "fields": { "name": "Can change Workflow state", "content_type": 26, "codename": "change_workflowstate" } }, { "model": "auth.permission", "pk": 102, "fields": { "name": "Can delete Workflow state", "content_type": 26, "codename": "delete_workflowstate" } }, { "model": "auth.permission", "pk": 103, "fields": { "name": "Can view Workflow state", "content_type": 26, "codename": "view_workflowstate" } }, { "model": "auth.permission", "pk": 104, "fields": { "name": "Can add workflow page", "content_type": 27, "codename": "add_workflowpage" } }, { "model": "auth.permission", "pk": 105, "fields": { "name": "Can change workflow page", "content_type": 27, "codename": "change_workflowpage" } }, { "model": "auth.permission", "pk": 106, "fields": { "name": "Can delete workflow page", "content_type": 27, "codename": "delete_workflowpage" } }, { "model": "auth.permission", "pk": 107, "fields": { "name": "Can view workflow page", "content_type": 27, "codename": "view_workflowpage" } }, { "model": "auth.permission", "pk": 108, "fields": { "name": "Can add workflow task order", "content_type": 28, "codename": "add_workflowtask" } }, { "model": "auth.permission", "pk": 109, "fields": { "name": "Can change workflow task order", "content_type": 28, "codename": "change_workflowtask" } }, { "model": "auth.permission", "pk": 110, "fields": { "name": "Can delete workflow task order", "content_type": 28, "codename": "delete_workflowtask" } }, { "model": "auth.permission", "pk": 111, "fields": { "name": "Can view workflow task order", "content_type": 28, "codename": "view_workflowtask" } }, { "model": "auth.permission", "pk": 112, "fields": { "name": "Can add page log entry", "content_type": 29, "codename": "add_pagelogentry" } }, { "model": "auth.permission", "pk": 113, "fields": { "name": "Can change page log entry", "content_type": 29, "codename": "change_pagelogentry" } }, { "model": "auth.permission", "pk": 114, "fields": { "name": "Can delete page log entry", "content_type": 29, "codename": "delete_pagelogentry" } }, { "model": "auth.permission", "pk": 115, "fields": { "name": "Can view page log entry", "content_type": 29, "codename": "view_pagelogentry" } }, { "model": "auth.permission", "pk": 116, "fields": { "name": "Can add locale", "content_type": 30, "codename": "add_locale" } }, { "model": "auth.permission", "pk": 117, "fields": { "name": "Can change locale", "content_type": 30, "codename": "change_locale" } }, { "model": "auth.permission", "pk": 118, "fields": { "name": "Can delete locale", "content_type": 30, "codename": "delete_locale" } }, { "model": "auth.permission", "pk": 119, "fields": { "name": "Can view locale", "content_type": 30, "codename": "view_locale" } }, { "model": "auth.permission", "pk": 120, "fields": { "name": "Can add comment", "content_type": 31, "codename": "add_comment" } }, { "model": "auth.permission", "pk": 121, "fields": { "name": "Can change comment", "content_type": 31, "codename": "change_comment" } }, { "model": "auth.permission", "pk": 122, "fields": { "name": "Can delete comment", "content_type": 31, "codename": "delete_comment" } }, { "model": "auth.permission", "pk": 123, "fields": { "name": "Can view comment", "content_type": 31, "codename": "view_comment" } }, { "model": "auth.permission", "pk": 124, "fields": { "name": "Can add comment reply", "content_type": 32, "codename": "add_commentreply" } }, { "model": "auth.permission", "pk": 125, "fields": { "name": "Can change comment reply", "content_type": 32, "codename": "change_commentreply" } }, { "model": "auth.permission", "pk": 126, "fields": { "name": "Can delete comment reply", "content_type": 32, "codename": "delete_commentreply" } }, { "model": "auth.permission", "pk": 127, "fields": { "name": "Can view comment reply", "content_type": 32, "codename": "view_commentreply" } }, { "model": "auth.permission", "pk": 128, "fields": { "name": "Can add page subscription", "content_type": 33, "codename": "add_pagesubscription" } }, { "model": "auth.permission", "pk": 129, "fields": { "name": "Can change page subscription", "content_type": 33, "codename": "change_pagesubscription" } }, { "model": "auth.permission", "pk": 130, "fields": { "name": "Can delete page subscription", "content_type": 33, "codename": "delete_pagesubscription" } }, { "model": "auth.permission", "pk": 131, "fields": { "name": "Can view page subscription", "content_type": 33, "codename": "view_pagesubscription" } }, { "model": "auth.permission", "pk": 132, "fields": { "name": "Can add tag", "content_type": 34, "codename": "add_tag" } }, { "model": "auth.permission", "pk": 133, "fields": { "name": "Can change tag", "content_type": 34, "codename": "change_tag" } }, { "model": "auth.permission", "pk": 134, "fields": { "name": "Can delete tag", "content_type": 34, "codename": "delete_tag" } }, { "model": "auth.permission", "pk": 135, "fields": { "name": "Can view tag", "content_type": 34, "codename": "view_tag" } }, { "model": "auth.permission", "pk": 136, "fields": { "name": "Can add tagged item", "content_type": 35, "codename": "add_taggeditem" } }, { "model": "auth.permission", "pk": 137, "fields": { "name": "Can change tagged item", "content_type": 35, "codename": "change_taggeditem" } }, { "model": "auth.permission", "pk": 138, "fields": { "name": "Can delete tagged item", "content_type": 35, "codename": "delete_taggeditem" } }, { "model": "auth.permission", "pk": 139, "fields": { "name": "Can view tagged item", "content_type": 35, "codename": "view_taggeditem" } }, { "model": "auth.permission", "pk": 140, "fields": { "name": "Can add log entry", "content_type": 36, "codename": "add_logentry" } }, { "model": "auth.permission", "pk": 141, "fields": { "name": "Can change log entry", "content_type": 36, "codename": "change_logentry" } }, { "model": "auth.permission", "pk": 142, "fields": { "name": "Can delete log entry", "content_type": 36, "codename": "delete_logentry" } }, { "model": "auth.permission", "pk": 143, "fields": { "name": "Can view log entry", "content_type": 36, "codename": "view_logentry" } }, { "model": "auth.permission", "pk": 144, "fields": { "name": "Can add permission", "content_type": 37, "codename": "add_permission" } }, { "model": "auth.permission", "pk": 145, "fields": { "name": "Can change permission", "content_type": 37, "codename": "change_permission" } }, { "model": "auth.permission", "pk": 146, "fields": { "name": "Can delete permission", "content_type": 37, "codename": "delete_permission" } }, { "model": "auth.permission", "pk": 147, "fields": { "name": "Can view permission", "content_type": 37, "codename": "view_permission" } }, { "model": "auth.permission", "pk": 148, "fields": { "name": "Can add group", "content_type": 38, "codename": "add_group" } }, { "model": "auth.permission", "pk": 149, "fields": { "name": "Can change group", "content_type": 38, "codename": "change_group" } }, { "model": "auth.permission", "pk": 150, "fields": { "name": "Can delete group", "content_type": 38, "codename": "delete_group" } }, { "model": "auth.permission", "pk": 151, "fields": { "name": "Can view group", "content_type": 38, "codename": "view_group" } }, { "model": "auth.permission", "pk": 152, "fields": { "name": "Can add user", "content_type": 39, "codename": "add_user" } }, { "model": "auth.permission", "pk": 153, "fields": { "name": "Can change user", "content_type": 39, "codename": "change_user" } }, { "model": "auth.permission", "pk": 154, "fields": { "name": "Can delete user", "content_type": 39, "codename": "delete_user" } }, { "model": "auth.permission", "pk": 155, "fields": { "name": "Can view user", "content_type": 39, "codename": "view_user" } }, { "model": "auth.permission", "pk": 156, "fields": { "name": "Can add content type", "content_type": 40, "codename": "add_contenttype" } }, { "model": "auth.permission", "pk": 157, "fields": { "name": "Can change content type", "content_type": 40, "codename": "change_contenttype" } }, { "model": "auth.permission", "pk": 158, "fields": { "name": "Can delete content type", "content_type": 40, "codename": "delete_contenttype" } }, { "model": "auth.permission", "pk": 159, "fields": { "name": "Can view content type", "content_type": 40, "codename": "view_contenttype" } }, { "model": "auth.permission", "pk": 160, "fields": { "name": "Can add session", "content_type": 41, "codename": "add_session" } }, { "model": "auth.permission", "pk": 161, "fields": { "name": "Can change session", "content_type": 41, "codename": "change_session" } }, { "model": "auth.permission", "pk": 162, "fields": { "name": "Can delete session", "content_type": 41, "codename": "delete_session" } }, { "model": "auth.permission", "pk": 163, "fields": { "name": "Can view session", "content_type": 41, "codename": "view_session" } }, { "model": "auth.permission", "pk": 164, "fields": { "name": "Can add about page", "content_type": 42, "codename": "add_aboutpage" } }, { "model": "auth.permission", "pk": 165, "fields": { "name": "Can change about page", "content_type": 42, "codename": "change_aboutpage" } }, { "model": "auth.permission", "pk": 166, "fields": { "name": "Can delete about page", "content_type": 42, "codename": "delete_aboutpage" } }, { "model": "auth.permission", "pk": 167, "fields": { "name": "Can view about page", "content_type": 42, "codename": "view_aboutpage" } }, { "model": "auth.permission", "pk": 168, "fields": { "name": "Can add menu", "content_type": 43, "codename": "add_menu" } }, { "model": "auth.permission", "pk": 169, "fields": { "name": "Can change menu", "content_type": 43, "codename": "change_menu" } }, { "model": "auth.permission", "pk": 170, "fields": { "name": "Can delete menu", "content_type": 43, "codename": "delete_menu" } }, { "model": "auth.permission", "pk": 171, "fields": { "name": "Can view menu", "content_type": 43, "codename": "view_menu" } }, { "model": "auth.permission", "pk": 172, "fields": { "name": "Can add menu item", "content_type": 44, "codename": "add_menuitem" } }, { "model": "auth.permission", "pk": 173, "fields": { "name": "Can change menu item", "content_type": 44, "codename": "change_menuitem" } }, { "model": "auth.permission", "pk": 174, "fields": { "name": "Can delete menu item", "content_type": 44, "codename": "delete_menuitem" } }, { "model": "auth.permission", "pk": 175, "fields": { "name": "Can view menu item", "content_type": 44, "codename": "view_menuitem" } }, { "model": "auth.permission", "pk": 176, "fields": { "name": "Can add Physician's Page", "content_type": 45, "codename": "add_physician" } }, { "model": "auth.permission", "pk": 177, "fields": { "name": "Can change Physician's Page", "content_type": 45, "codename": "change_physician" } }, { "model": "auth.permission", "pk": 178, "fields": { "name": "Can delete Physician's Page", "content_type": 45, "codename": "delete_physician" } }, { "model": "auth.permission", "pk": 179, "fields": { "name": "Can view Physician's Page", "content_type": 45, "codename": "view_physician" } }, { "model": "auth.permission", "pk": 180, "fields": { "name": "Can add Patient's Page", "content_type": 46, "codename": "add_patient" } }, { "model": "auth.permission", "pk": 181, "fields": { "name": "Can change Patient's Page", "content_type": 46, "codename": "change_patient" } }, { "model": "auth.permission", "pk": 182, "fields": { "name": "Can delete Patient's Page", "content_type": 46, "codename": "delete_patient" } }, { "model": "auth.permission", "pk": 183, "fields": { "name": "Can view Patient's Page", "content_type": 46, "codename": "view_patient" } }, { "model": "auth.permission", "pk": 184, "fields": { "name": "Can add Contact Page", "content_type": 47, "codename": "add_contact" } }, { "model": "auth.permission", "pk": 185, "fields": { "name": "Can change Contact Page", "content_type": 47, "codename": "change_contact" } }, { "model": "auth.permission", "pk": 186, "fields": { "name": "Can delete Contact Page", "content_type": 47, "codename": "delete_contact" } }, { "model": "auth.permission", "pk": 187, "fields": { "name": "Can view Contact Page", "content_type": 47, "codename": "view_contact" } }, { "model": "auth.permission", "pk": 188, "fields": { "name": "Can add site", "content_type": 48, "codename": "add_site" } }, { "model": "auth.permission", "pk": 189, "fields": { "name": "Can change site", "content_type": 48, "codename": "change_site" } }, { "model": "auth.permission", "pk": 190, "fields": { "name": "Can delete site", "content_type": 48, "codename": "delete_site" } }, { "model": "auth.permission", "pk": 191, "fields": { "name": "Can view site", "content_type": 48, "codename": "view_site" } }, { "model": "auth.permission", "pk": 192, "fields": { "name": "Can add email address", "content_type": 49, "codename": "add_emailaddress" } }, { "model": "auth.permission", "pk": 193, "fields": { "name": "Can change email address", "content_type": 49, "codename": "change_emailaddress" } }, { "model": "auth.permission", "pk": 194, "fields": { "name": "Can delete email address", "content_type": 49, "codename": "delete_emailaddress" } }, { "model": "auth.permission", "pk": 195, "fields": { "name": "Can view email address", "content_type": 49, "codename": "view_emailaddress" } }, { "model": "auth.permission", "pk": 196, "fields": { "name": "Can add email confirmation", "content_type": 50, "codename": "add_emailconfirmation" } }, { "model": "auth.permission", "pk": 197, "fields": { "name": "Can change email confirmation", "content_type": 50, "codename": "change_emailconfirmation" } }, { "model": "auth.permission", "pk": 198, "fields": { "name": "Can delete email confirmation", "content_type": 50, "codename": "delete_emailconfirmation" } }, { "model": "auth.permission", "pk": 199, "fields": { "name": "Can view email confirmation", "content_type": 50, "codename": "view_emailconfirmation" } }, { "model": "auth.permission", "pk": 200, "fields": { "name": "Can add social account", "content_type": 51, "codename": "add_socialaccount" } }, { "model": "auth.permission", "pk": 201, "fields": { "name": "Can change social account", "content_type": 51, "codename": "change_socialaccount" } }, { "model": "auth.permission", "pk": 202, "fields": { "name": "Can delete social account", "content_type": 51, "codename": "delete_socialaccount" } }, { "model": "auth.permission", "pk": 203, "fields": { "name": "Can view social account", "content_type": 51, "codename": "view_socialaccount" } }, { "model": "auth.permission", "pk": 204, "fields": { "name": "Can add social application", "content_type": 52, "codename": "add_socialapp" } }, { "model": "auth.permission", "pk": 205, "fields": { "name": "Can change social application", "content_type": 52, "codename": "change_socialapp" } }, { "model": "auth.permission", "pk": 206, "fields": { "name": "Can delete social application", "content_type": 52, "codename": "delete_socialapp" } }, { "model": "auth.permission", "pk": 207, "fields": { "name": "Can view social application", "content_type": 52, "codename": "view_socialapp" } }, { "model": "auth.permission", "pk": 208, "fields": { "name": "Can add social application token", "content_type": 53, "codename": "add_socialtoken" } }, { "model": "auth.permission", "pk": 209, "fields": { "name": "Can change social application token", "content_type": 53, "codename": "change_socialtoken" } }, { "model": "auth.permission", "pk": 210, "fields": { "name": "Can delete social application token", "content_type": 53, "codename": "delete_socialtoken" } }, { "model": "auth.permission", "pk": 211, "fields": { "name": "Can view social application token", "content_type": 53, "codename": "view_socialtoken" } }, { "model": "auth.permission", "pk": 212, "fields": { "name": "Can add User", "content_type": 54, "codename": "add_user" } }, { "model": "auth.permission", "pk": 213, "fields": { "name": "Can change User", "content_type": 54, "codename": "change_user" } }, { "model": "auth.permission", "pk": 214, "fields": { "name": "Can delete User", "content_type": 54, "codename": "delete_user" } }, { "model": "auth.permission", "pk": 215, "fields": { "name": "Can view User", "content_type": 54, "codename": "view_user" } }, { "model": "auth.permission", "pk": 216, "fields": { "name": "Can add doctor", "content_type": 55, "codename": "add_doctor" } }, { "model": "auth.permission", "pk": 217, "fields": { "name": "Can change doctor", "content_type": 55, "codename": "change_doctor" } }, { "model": "auth.permission", "pk": 218, "fields": { "name": "Can delete doctor", "content_type": 55, "codename": "delete_doctor" } }, { "model": "auth.permission", "pk": 219, "fields": { "name": "Can view doctor", "content_type": 55, "codename": "view_doctor" } }, { "model": "auth.group", "pk": 1, "fields": { "name": "Moderators", "permissions": [1, 2, 3, 5, 4, 6, 7, 9, 8] } }, { "model": "auth.group", "pk": 2, "fields": { "name": "Editors", "permissions": [1, 2, 3, 5, 4, 6, 7, 9, 8] } }, { "model": "auth.user", "pk": 1, "fields": { "password": "pbkdf2_sha256$260000$UOvOsBJtByavBIMizEZAWO$fw9xMkYNze5i+Z/0jPy/KuON+iyKhlWrxIs9sXd9udE=", "last_login": "2021-10-24T14:49:17.157Z", "is_superuser": true, "username": "AdaptivMD", "first_name": "", "last_name": "", "email": "", "is_staff": true, "is_active": true, "date_joined": "2021-10-20T22:04:07.259Z", "groups": [], "user_permissions": [] } }, { "model": "auth.user", "pk": 2, "fields": { "password": "pbkdf2_sha256$260000$yMa5nhO8bFfhGZTI4Fybn9$pEAgJ9vK04wRg2W4LHPnjAH/vJbzJV4rL1AcGTVy7e4=", "last_login": "2021-10-23T14:24:50.246Z", "is_superuser": false, "username": "Adaptiv", "first_name": "", "last_name": "", "email": "md@gmail.com", "is_staff": false, "is_active": true, "date_joined": "2021-10-23T14:24:50.149Z", "groups": [], "user_permissions": [] } }, { "model": "auth.user", "pk": 3, "fields": { "password": "pbkdf2_sha256$260000$kLv8VXQ9cQ92dnap3irl19$WTEq6CSU+FVoZ+v5rNwmdCPZuvWsm/Wz7ydZOtNhBbQ=", "last_login": "2021-10-23T16:41:54.752Z", "is_superuser": false, "username": "Clerc", "first_name": "", "last_name": "", "email": "p@gmail.com", "is_staff": false, "is_active": true, "date_joined": "2021-10-23T14:59:34.359Z", "groups": [], "user_permissions": [] } }, { "model": "auth.user", "pk": 4, "fields": { "password": "pbkdf2_sha256$260000$BHaxGAJjOp822kXH2DtKvY$co4G/hUtjNTCmFZYvA2ca6mB+MowPKTrdvmmKzygpXk=", "last_login": null, "is_superuser": false, "username": "Brad", "first_name": "Clerc", "last_name": "Laladze", "email": "admin@gmail.com", "is_staff": false, "is_active": true, "date_joined": "2021-10-23T22:10:15.153Z", "groups": [], "user_permissions": [] } }, { "model": "auth.user", "pk": 5, "fields": { "password": "pbkdf2_sha256$260000$rsGGfI3Te79ozlif5I2edr$fESlpnN0S34O3M18GcBVWrFPQ5jTFw7LXtW8IgYupB4=", "last_login": "2021-10-23T22:12:59.250Z", "is_superuser": false, "username": "Clutch", "first_name": "Clerc", "last_name": "Laladze", "email": "Lot@gmail.com", "is_staff": false, "is_active": true, "date_joined": "2021-10-23T22:11:06.498Z", "groups": [], "user_permissions": [] } }, { "model": "auth.user", "pk": 6, "fields": { "password": "pbkdf2_sha256$260000$EKzc1WTmnUYzZgXfJSjn9n$JIsuW0Vwh11aXbIWtTnHrPqpQH54Z/b0jcEO6iegJf8=", "last_login": "2021-10-23T22:25:13.127Z", "is_superuser": false, "username": "Dato", "first_name": "Clerc", "last_name": "Laladze", "email": "zurabsx@gmail.com", "is_staff": false, "is_active": true, "date_joined": "2021-10-23T22:24:12.270Z", "groups": [], "user_permissions": [] } }, { "model": "auth.user", "pk": 7, "fields": { "password": "pbkdf2_sha256$260000$n66ckJ752m2xUQG8YaVKz6$HzXRujmXP6LvtDB6Fg9pi03t+f3W01y4n3RsCGmt5GQ=", "last_login": "2021-10-30T01:07:24.682Z", "is_superuser": false, "username": "Last", "first_name": "Jhon", "last_name": "Doe", "email": "g@gmail.com", "is_staff": false, "is_active": true, "date_joined": "2021-10-24T14:56:19.240Z", "groups": [], "user_permissions": [] } }, { "model": "auth.user", "pk": 8, "fields": { "password": "pbkdf2_sha256$260000$2NBbxNes7L7CRuqAyJu0dE$U0CMhrFQQ0hLuxMgPkpeg1mZlEkDnWUSL6N55EGXtP0=", "last_login": "2021-11-03T15:50:46.427Z", "is_superuser": true, "username": "zura", "first_name": "", "last_name": "", "email": "", "is_staff": true, "is_active": true, "date_joined": "2021-10-25T21:05:42.396Z", "groups": [], "user_permissions": [] } }, { "model": "contenttypes.contenttype", "pk": 1, "fields": { "app_label": "wagtailcore", "model": "page" } }, { "model": "contenttypes.contenttype", "pk": 2, "fields": { "app_label": "home", "model": "homepage" } }, { "model": "contenttypes.contenttype", "pk": 3, "fields": { "app_label": "wagtailadmin", "model": "admin" } }, { "model": "contenttypes.contenttype", "pk": 4, "fields": { "app_label": "wagtailcore", "model": "groupapprovaltask" } }, { "model": "contenttypes.contenttype", "pk": 5, "fields": { "app_label": "wagtaildocs", "model": "document" } }, { "model": "contenttypes.contenttype", "pk": 6, "fields": { "app_label": "wagtailimages", "model": "image" } }, { "model": "contenttypes.contenttype", "pk": 7, "fields": { "app_label": "wagtailforms", "model": "formsubmission" } }, { "model": "contenttypes.contenttype", "pk": 8, "fields": { "app_label": "wagtailredirects", "model": "redirect" } }, { "model": "contenttypes.contenttype", "pk": 9, "fields": { "app_label": "wagtailembeds", "model": "embed" } }, { "model": "contenttypes.contenttype", "pk": 10, "fields": { "app_label": "wagtailusers", "model": "userprofile" } }, { "model": "contenttypes.contenttype", "pk": 11, "fields": { "app_label": "wagtaildocs", "model": "uploadeddocument" } }, { "model": "contenttypes.contenttype", "pk": 12, "fields": { "app_label": "wagtailimages", "model": "rendition" } }, { "model": "contenttypes.contenttype", "pk": 13, "fields": { "app_label": "wagtailimages", "model": "uploadedimage" } }, { "model": "contenttypes.contenttype", "pk": 14, "fields": { "app_label": "wagtailsearch", "model": "query" } }, { "model": "contenttypes.contenttype", "pk": 15, "fields": { "app_label": "wagtailsearch", "model": "querydailyhits" } }, { "model": "contenttypes.contenttype", "pk": 16, "fields": { "app_label": "wagtailcore", "model": "grouppagepermission" } }, { "model": "contenttypes.contenttype", "pk": 17, "fields": { "app_label": "wagtailcore", "model": "pagerevision" } }, { "model": "contenttypes.contenttype", "pk": 18, "fields": { "app_label": "wagtailcore", "model": "pageviewrestriction" } }, { "model": "contenttypes.contenttype", "pk": 19, "fields": { "app_label": "wagtailcore", "model": "site" } }, { "model": "contenttypes.contenttype", "pk": 20, "fields": { "app_label": "wagtailcore", "model": "collection" } }, { "model": "contenttypes.contenttype", "pk": 21, "fields": { "app_label": "wagtailcore", "model": "groupcollectionpermission" } }, { "model": "contenttypes.contenttype", "pk": 22, "fields": { "app_label": "wagtailcore", "model": "collectionviewrestriction" } }, { "model": "contenttypes.contenttype", "pk": 23, "fields": { "app_label": "wagtailcore", "model": "task" } }, { "model": "contenttypes.contenttype", "pk": 24, "fields": { "app_label": "wagtailcore", "model": "taskstate" } }, { "model": "contenttypes.contenttype", "pk": 25, "fields": { "app_label": "wagtailcore", "model": "workflow" } }, { "model": "contenttypes.contenttype", "pk": 26, "fields": { "app_label": "wagtailcore", "model": "workflowstate" } }, { "model": "contenttypes.contenttype", "pk": 27, "fields": { "app_label": "wagtailcore", "model": "workflowpage" } }, { "model": "contenttypes.contenttype", "pk": 28, "fields": { "app_label": "wagtailcore", "model": "workflowtask" } }, { "model": "contenttypes.contenttype", "pk": 29, "fields": { "app_label": "wagtailcore", "model": "pagelogentry" } }, { "model": "contenttypes.contenttype", "pk": 30, "fields": { "app_label": "wagtailcore", "model": "locale" } }, { "model": "contenttypes.contenttype", "pk": 31, "fields": { "app_label": "wagtailcore", "model": "comment" } }, { "model": "contenttypes.contenttype", "pk": 32, "fields": { "app_label": "wagtailcore", "model": "commentreply" } }, { "model": "contenttypes.contenttype", "pk": 33, "fields": { "app_label": "wagtailcore", "model": "pagesubscription" } }, { "model": "contenttypes.contenttype", "pk": 34, "fields": { "app_label": "taggit", "model": "tag" } }, { "model": "contenttypes.contenttype", "pk": 35, "fields": { "app_label": "taggit", "model": "taggeditem" } }, { "model": "contenttypes.contenttype", "pk": 36, "fields": { "app_label": "admin", "model": "logentry" } }, { "model": "contenttypes.contenttype", "pk": 37, "fields": { "app_label": "auth", "model": "permission" } }, { "model": "contenttypes.contenttype", "pk": 38, "fields": { "app_label": "auth", "model": "group" } }, { "model": "contenttypes.contenttype", "pk": 39, "fields": { "app_label": "auth", "model": "user" } }, { "model": "contenttypes.contenttype", "pk": 40, "fields": { "app_label": "contenttypes", "model": "contenttype" } }, { "model": "contenttypes.contenttype", "pk": 41, "fields": { "app_label": "sessions", "model": "session" } }, { "model": "contenttypes.contenttype", "pk": 42, "fields": { "app_label": "about", "model": "aboutpage" } }, { "model": "contenttypes.contenttype", "pk": 43, "fields": { "app_label": "menus", "model": "menu" } }, { "model": "contenttypes.contenttype", "pk": 44, "fields": { "app_label": "menus", "model": "menuitem" } }, { "model": "contenttypes.contenttype", "pk": 45, "fields": { "app_label": "physician", "model": "physician" } }, { "model": "contenttypes.contenttype", "pk": 46, "fields": { "app_label": "patient", "model": "patient" } }, { "model": "contenttypes.contenttype", "pk": 47, "fields": { "app_label": "contact", "model": "contact" } }, { "model": "contenttypes.contenttype", "pk": 48, "fields": { "app_label": "sites", "model": "site" } }, { "model": "contenttypes.contenttype", "pk": 49, "fields": { "app_label": "account", "model": "emailaddress" } }, { "model": "contenttypes.contenttype", "pk": 50, "fields": { "app_label": "account", "model": "emailconfirmation" } }, { "model": "contenttypes.contenttype", "pk": 51, "fields": { "app_label": "socialaccount", "model": "socialaccount" } }, { "model": "contenttypes.contenttype", "pk": 52, "fields": { "app_label": "socialaccount", "model": "socialapp" } }, { "model": "contenttypes.contenttype", "pk": 53, "fields": { "app_label": "socialaccount", "model": "socialtoken" } }, { "model": "contenttypes.contenttype", "pk": 54, "fields": { "app_label": "users", "model": "user" } }, { "model": "contenttypes.contenttype", "pk": 55, "fields": { "app_label": "users", "model": "doctor" } }, { "model": "sessions.session", "pk": "6ma3xwhza9s8ke8vx40nqhhrb4fdezuq", "fields": { "session_data": ".eJzVlV9vmzAUxb8LUvKSNgKHQFKJh6R_1khN2qZU6zZNyNgXcAI2w6YpnfbdZwJK2ynV2sdICJlzLsfmZ4v72whwqZKglFAEjBonhmUcvdZCTNbAa4OuMI9FnwiuChb265J-68r-XFBIp23tm4AEy0S_jYbEdsh4RGFkRtQJbWsMlj0a2QMaWiTCYKMIBlEYWWMSAnUGyHaQ6bqWRS3AZqhDNzhWmKXHeQGPDDbHxskPg8giyhilKWxwAUro-b2vS3m5LMPku_jlF88Ef3leVVeL6Wg03Xxb-U8-v2c2ecAk5tZZeXl-W6Dbh3CRseHzxDldrtZdDk_K6xKRZcBVwIViESNYMcGlJ3hXMZWCd6o5YKK6KUQqCFNB1kFjdNxpB6GtIvWgM5h0htNGXEPVKghJE1eD-gmd6rvSU-6sNrrn13kvJVUOu5KSS1WlQHcuhVwljW02CuMp43BXly31zsGrxQzPmhL9eUxV77kUK9yqevXuWX29fXOO838K3uCoMX6QBl5VUv6HRiseEAwR6YMDAaa0ACk_ymLsKG7tZ3G9DexNtnkHBiPSmyiK6rM0ykcR0f00LprEw8QBmf6XfRZGFJPsnaNxXucdJoo8ERwCXmah7hfkoyw4Rq6zn8VNHdhbbAMPjEUkiuxzjYTTGML9HA6xgci0jD3SNlcJooWhh7ggSUBBkoLldTP2urEIUvaof7C6XcNTzopm2HZueexf-5Or4OJ6Ob_zzBd5tpj5s33GfLYIFvfzPcbk4ZVhHFnOwB6bLkLDvuWgoW27P__8Bdk4sho:1mdu3N:d_MwF1emwjPz5TOgCdlCJiMc-rZixE7ZR6spJ3-E8o8", "expire_date": "2021-11-05T12:53:45.180Z" } }, { "model": "sessions.session", "pk": "7t9c5gyqegjh0x59ftvqfffohpc97iyg", "fields": { "session_data": ".eJxVjMsOwiAQRf-FtSHDINC6dO83EB6DRQ2Y0iYa478rSRe6vefc82LWrctk10azzZEdmGK73827cKXSQby4cq481LLM2fOu8I02fqqRbsfN_QtMrk39jQpx9KAUGBGSjA4JolMolUyGtDQJBAIJ1EMAjWBI7kMKmAY9Ri96tFFruRZLj3uen-zw9UcN8P4A2Cw_nA:1mePG7:PTLm848AlmsOqQh5JTyk5plNAWURLjY374YI4zlEoQo", "expire_date": "2021-11-06T22:12:59.261Z" } }, { "model": "sessions.session", "pk": "84pzewj1qu4i8m6azc607p3ns46hpaih", "fields": { "session_data": ".eJzdWm1v4jgQ_i-VypdsUd6AshIfoF3U7hW6u2VvtzqdkJMY4uLYqe0Qwun--zkvTckuaZNKJ61XQjQz44zHT56xZ1L-OVmCSPjLiEO2RN7J-xPj5N2hzgHuBpLU4D0AsqZdlxLBkNNNh3QLK-_OqAfxpBhbceAD7su7zZ5r993huQfP9ZXXd2xjCA37_Ny2PMdwVwDa5gpaK2dlDF0Hen3LtPumPhgYhmdAoDvSaQzWAiB8FjK4RTA-O3n_14nL2SpAnodhDBgUVM4_2n7Sb3p8JuYfww02EPrzLvx-pcfX9yZBKz8J5juCv-x64uIRoZsp_uPb5NMVGn7_5phJPJ_f33YI3IlRRyCB4eiKBrAT-lTQkdFxACFySSK1nw4mp6bpYOpuuLw4tcanvUmu3MCk0Jhmb7eLWCqZF_I7vbM0jT0QCrTVZpfP9iSEpd2HwIPsTMS0tHswFH4-QM81iGBE4J1IMPwinw88iKV3mQ-BRC4lqbN6QIBCK4MfXKaf6p0zEP4woMOhpIEHWNIKizjWTX4ciyvIqLYoND9DERGertD75YBIs0EalzlZGuKAnBhsj-NwkfvTFqk_RbEIm-KwJdvNKzjcPRFNaUTaJMnQ3PvhK-RQN0-yndQY2VWFObI6LmDek9kwOyvEuFhmyla5BQHwrOPwTRniQruQLpUk0yEiLfi0iXT7sQaQ1GMBiIKUKgljpoTJj6Q3MMaxH3c1J3S--6hLmQomLTiDQaDDBpCoTBorJY3wEXsLZ4yIheZxgBapS3Upc4hIC8YEJKA1SXQIiMqEsbNjiUZMdjbtGTMIEdvXbMOZT3UpU8GkBWcGMdvWcKYCiXqkcSrVjax2SgVHawJExKCseJw3NQ97AZIa1CZUCBpoKvcQzltKZsyHqKZk_hES9bgks4t4LV866CGBNcfTNHenFX8VA4NBvsSyijdGCyhLV6NUmJnCLGUrk61StjPZLuVeJvdKuZ_J_Q6Ncbt0DHoOqdnXb2OsZA5mGLRgW4hMil6AQCo0dS4UfFg_NdUZg43GHeJmz17sEFUl8uFZ0hiNaIXP9VfRUJgo2cuWQ6KYjY-VIebnx6Ep2sLfgSmN4UAPa7F-HQ6FqSJ7ZL3KFavxa0z-ELvHwckbwt-BKo3R8Pc4Iq-ioTBTZHNsVJliN8WGE0_HNRtu3gb-DlRpDEdiRCB5HQ71uPIYUQGLjnhQSK1Kbau_BzUn8-fUm5IcKXBoUW67aAj9F2FQjxt8g3Cxk8jqJJdaccPle9M-Dspd6k1JbmQ4NC5cE3e3FschyAvXu02EsYoQNK7Ihsjq1fzAoKjIMjKoiEHjUgNt-w81L8PyUkNFCGDgQG-5RR6kjXEA5q5mm_y1Fi8NPwUv8IDW1ETa8eiBoAFy_4_Ys-DoasWhqDjEkKyf5jByVbkE_fCpNl30QESPQxWe2At0lU3yoVAJ98Ns8uGyjDWIBHAQlg7KAdez2dfFeHLz4XlBldnljGkeLA6dZjlRjo8YLi2-ECHPLqfyE8dxN6GRiBzYdWmQaoBw_VNruj21Lje7TxdT_BB_jJ-3z5DR1Dmbg-B5unsaLaSLclD6Oz9aHYIIh7galvCjwCEA1QWHuolAwboIbIvkVyWiqf_owRWIsOg-hAct99OZnrkcB2CPyFobB5AhFxBtFnEYBRpdafP0Xy4Aa1eIC8oSDRFtDmPtnrKNTKepNmU00IQPtZlcMpTutDla-0IDItdmjtKJ8udfbMs4Wo_89OeBHNKiWpGXgLn-0oPcZSgUiJJRZ02XGG3hEohRB-5CxPJLudhAMoifLW4X45vl9PbL7G6kP6uv59eL62OG2fV8Of86O2IYfz8wnLwz-lZPtwxTt7tDc9gzev2___0PpGndcA:1meQJ2:sCE_zej9R-RC-OPlWj1TMXjMEaqnFl543wYF20v4Uzc", "expire_date": "2021-11-06T23:20:04.969Z" } }, { "model": "sessions.session", "pk": "92fhmsxjh0c8c36vs96g2su6ey1aspdo", "fields": { "session_data": ".eJzVlmtvmzAUhv9LpORL2ggIl6QSH5Lu0mgj7dpU6zZNyNgHcCE2wc6FTvvvMwGlTZZKyUckhMx5j1_g4WCfPy0fLWXsLwXkPiWtq5beungbCxBOgJUCeUYs4j3Mmcxp0CtTerUqeh4nkI7r3D2DGIlYzTYsbNp4OCAw0EJiB6Y-BN0cDMw-CXQcIjCNEPphEOpDHACx-4ZpG5rj6DrRAWmBMl2jSCKaXmY5rCisL1tXv1pY5OGcEpLCGuUgubq_m-Mvz8KzN2H09Dlb3Xx7ngy8xUwLrR-QONFCX0bT24TJdZLBjT19crSfcbIpYIGTF_1x_P2mw2Aj3Q7m8zkw6TMuaUgxkpQz4XLWkVSm4N7FhaCYInXNM7-kUiZnMZfcNfdiVX7bGbcNI0g5ToQatPujtjWuggkUdcQwrOFQsvLKuFZnqZ5kJ8141r2uPLuz0vM1rchgl7ZkQhYpkJ1KIJNxJWtVhLKUMngo0-7VR4U3D2R9qFLUTags3lMJkqiOqjdwPpTH_kwPZQcJ-0xKxCciKXBhGicgqYUGEakq96B4-ofhs-rHSVnfOg7L29o2uoQOyZxRReLFgOQ0MM0rpIBLyef_rUIH4fMWogWPouO8xlvbRhfSIZkzCkl7wfMTwTSwkBBjatM-hweWJqzf4bF1ayIH9Qcx8NlyHkB-8j6FklV6HMRdadedbu0aRgLmqufyEclBiFNJMB4s3tmxP5Z23dHWrmEkRLqM3GzX9gng9YqqhijHsU9A4JxmZaPodiLup3QFPlKtJGwymlfDuqsUl7Pb2eir_-n23ntwtdfwZDqZTY4J3mTqTx-9I8Lo6Y3QutDtvjnUbEu3eo41MHT7999_quN6Wg:1mdtrv:JXCWT1Nlb_LNfyjBqymJB29HJWGA7ybf57qeYLXeI9k", "expire_date": "2021-11-05T12:41:55.801Z" } }, { "model": "sessions.session", "pk": "9d04pjnhfphw467xb9q7f3qha19s5msi", "fields": { "session_data": ".eJzlWm1v4jgQ_i-VypdsUV6hrMQHykvL3RK623RvT6cTchKHGBIntR0CnO6_n_PSlGxJG6o7XbOLEMQzzth-eGY8Y_LX2QJEzF1EFJIFss8-nl2efTiUmcBaQ5wo7BXAy6BtBZgRZLaTLu1cS9uzwIbeVd63ZMAF1E3u7oidrtK1VQVo_OV0TcXsyBaUgeY4imOLkuNoqnQp2b1Lx7QcaKuaoso9WRQ7lx1L5UZjsGQAeRchgRsE44uzj3-cWZQ4PrJtD8aAQBbw8ftgKerf7sEgvtTvO6PrTW8Srn75FXn66Ibe3g_lDl1Ft2H49Xr12V9b8Vd3NIu06DdH88Tx3c7dtzDcsn6LIebB_k3gw1boBizoKy0TYMyXxBL9effqXJZNL7DWlF-cK4Nz7SoTruEul8iytt1GJGnJQ_6Z3FmohnNdHw8NYaCPhLF-PbgeC7cDYzrWjTvBmAvT2e2X-dexML83hvPZ-MnGLoSFDRcCG5ILFgeF3oYhc7MOYiZB2EMY3rGdB7_w3xAezFcbZV0g5svdVWltwEAu5QvsjpJ3-c4ZCL_r0KKQU8UGZHcSXnEsyvQ4XjeQBIKRS55DEWGarNB-d0AkHsOVi4xQNXFAZgw2FbzJ7AlGYq-hWIR1cdjgzfoVHO4eidZoRE5xkp68d8NXyNFcP0mjrdRXywKZx18LEPtRLcktBxHKFqnwJN-CANjKcfgmiUlhyE2-RKbHqOsSCN8djIeonMCpdSSqD6-D8h_RKp1O4DgUstItHsTLRyuSlsnScYpxr-afRknjGTT_LjcL5skJ87K97Q3UM9WHbUU6kIWxZnOvhMsJ5POAL8IasPyf7Ou8B_YpCfuYi8hbyCdFJJSPo2wkJpvNvUNUTqCej_2gwiMPQfnp456a7rhBRHhhdzr1uiEi--MoT1KbzeZeCZcTyNeNyaaCfCVYftK4Z5YyQJ4RFgKKlhiwiMCkKn9TgbVnYFcB_VXAWOALTa6zzLeUFR7toYqy4ntImlddcBfF9omHN2KIYcWGOcnMCfl3w8AgkC48RJnUNyBP7aVCIKcCuWgraVsp2mraVou2lra1ot1J251WEHunuaOvmbhig5jHXiN9MMXgBLaFSA7QCxA0z-cSBJ5V8yktpNpl6XpPXixLm8qOwwBdG43I8S7FV9FoMFHSU55Dosi1Y3XPo5fHoclLyB-BKbXhQKslW74OR4OpwkthscwVpfb5KV3F1nFwsprvR6BKbTTcvRfhV9FoMFN46SqVmaLWxYZiW_QqAm5WoP0IVKkNx06KwO51OJrHlYcoYDAvM7t566T8VensQcXO_Dmx1kiO5DickMNaqAfdF2FoHjfoGnl5JOHZSdY6iRsW3ctqRYDlCAi_c9fJ-CHcQAIPL49D9Z7_9U_gqZ3P7qztkh1HxsE2Xa-ws6Y2dvj2NLQpdnzq2w6mnCND3-Gxmdqrteus0j5rnHwmmuTb5xe8A9e5vJNjUtuh9nE03zfxamd8PaRoFU9O5BnfXWKviRjUTmXQprOqOMHKUpkmQgB9E9qLDbJhUBsHIG8rwvD7WjxXPM9HpZ1W8SNWxEPAAh9Zb5t7rTPwTFR5BP64ireYmRqDT9NhbuhlIE8Yo8BTPDRb9xfosuih11T6ONR9qNht39fkX3B8WRYPG6XpjmdX41ExVz9iwEQeN_DEqNns3hhcfXp6ZLA8Oh8xiSjGodE0uhT9I-I9eSNjIU0vJ_wdx3F7F0QsMmHbCvxEApjlniuTzbkyWm9vhxNvFf8SP21EIQkS40QH_tNwPOMxuImiU_K4aFDugjCFXnlazI18EwNUNTnU3jHkL_OJbRD_KM1o4j7Y0AGRx9qr8OBw5DEzT00OfLBHeCkMfEiQBbAwiyiMfCFwBD35xwl4wg2iLCA7AWFBhzFP38iaB6aJMCGBLzAXCjO-ZMjNCTpaukwALJOmhnJPf3y3qBct-27ylCmFQZ5X8ktALHdhQ2oRFDIU4H5rGSw8tIELwPotuA0RyS75Yn3OIHphzHkkWUzmX2Z3ffFJPNWnxvSYYjbVF_r97Ihi8O1AcfZB6ihaT-tJPbGt9VRVEuU___4HMMBtVQ:1miJiY:qyVCPSZOJPbyvn_SaUu1on_uiGuJmdCWSGxbZM7g4kM", "expire_date": "2021-11-17T17:06:30.710Z" } }, { "model": "sessions.session", "pk": "cyo50klziurxq9xebyjyeaj04p0dls4t", "fields": { "session_data": ".eJxVjEEOwiAQRe_C2hCGIgWX7nsGwjCDVA0kpV0Z765NutDtf-_9lwhxW0vYOi9hJnERIE6_G8b04LoDusd6azK1ui4zyl2RB-1yasTP6-H-HZTYy7fW52Rs8o7YqUwWDXgG45wZCCHlyEZnHjJm8AmZ7KCN1WocAQg4KhTvD_PSOFs:1mePWJ:iKpcFikhpOJv4GPphF67nT2z4I08258zTdT3nUPctPA", "expire_date": "2021-11-06T22:29:43.429Z" } }, { "model": "sessions.session", "pk": "p7rv3yii4jo8nveu0jkp2o5kxph3ll6r", "fields": { "session_data": ".eJzlWm1vm0gQ_i-W4i80Fgbjl0r-YCd247bYuZpWjU4na4EF1gYWL4uxfbr_fstLiGlMDNFVF9rIspmZZXb34ZlhhvB3YwUCaq0CH5IV0hvvG_3Gu1OdCrQNdCODvgauiVsadilBaisa0kqtfkvGOrTH6dicAwv4VnR2l-_2xJ7eEYHE_oyeKqpdQYMCkAxDNHS-bRhSp91v64O-oWoG1DuS2BEGAs93-12tw5yGwKQA2dcegTsEw-vG-z8bmk8MB-m6DUNAIMVs_iGl7vcPhgr07h3--HA32qBvcm8QSht-3ze_6UvBuBttte9TXUDBJ4EcHujc2N0bi4W53MqfRNB04Z4OmxRRGw7vsAObnoUpHopNFbgu2xKN7Fe98ZUgqDbWNj47uBJHV9I4UW7gIdUIgrTfBySShBv2HZ2ZmW4W8_nkRuFG81tuMv8w-jDh7kfKbDJXlpyy4Gby_ZfFtwm3-KrcLOTJk4-DBzMfFgQ6JNc0xJldhx61kgF8okGujVy4pAcbfmHXEJ6sV7pNhkCXbfdQZNUBBamWbbB3G33yZ8rA-2FA04eMKjogh0p4hSEv-OfxuoMEc0qqeQ5F4PrRDvU3B0QUMcy4SghVEgekhmBXwJvEH6dE_mqKhVcWh52721zAYflItFojUiVIBsLR8i6Qo75xEmfb9rCTVwgs_2qA6I_mttA0EPHpKlZWii0IgC6eh28aueRumMuXyPSYdS0C4ZuD8RSVCpzaBHxnexmUn0SreDnYMHxIc6fY0DUfvbSlRBfPk807Xny-jYRn0Py33MyYJ0TMS-5tr6Ce2tnuC8qBJI3Vm3s5XCqQzwYOD0vA8n-yr_sW2CdG7KMWIq8hXzsgnnAeZSVyWW_unaJSgXqO6-CCiDwF5bfPe534josDwhq76tTreYgcz6M8jX3Wm3s5XCqQrxeSXQH5crD8pnlPzVWArCLMFD4yXUADAqOu_FUN1pGCQwH0Y0wpdrg691nqa9oK2x-ggrbiR0jq112wEHX1ig9veM-FBTfMaeKOS39rBgaB_spGPm0PFchK-3amEGKFkMliLIuZ3InlTiZLsSxlcjeWu00c2tXC0ZFUt-AGsQjtWsZgjEEFtnlIwOgFCOoXcxECz7r5mBbt0m3p5khebEvryo7TBF0ajcCw-_xFNGpMlPgpzylRhNK5emD7_fPQpC3kr8CU0nCgtUnNy3DUmCqsFebzXBFLPz_116F2Hpyk5_sVqFIaDetoB-5FNGrMFNa6tvNM6ZTFxnd13i5IuEmD9itQpTQch3YADpfhqB9XtgGmMG0ze6lUqX4Vu0dQcGf-I_JWS46kOFSoYTU0gNaLMNSPG_4G2WkmYdVJIlXihuYfhc55UJaRt1pyI8ahdOF60PYmPQ9BUrguN4Ft1xGC0hXZAIlSwZsNaUUWk6GOGJQuNdCuuy54wpSUGnWEADoq1Fc7pENcGgcg7AvS5NvaPDM8W_y6pw0Kqmfu_OoBxQ7SfsbaSz3BTlTZFvjTq1p20z0abAdVrtibfDOLtcmnQm7BE3k8uc3W6gQUqMhmDrIBM1n-qozGn59eRcvPzmaMIkE5dRpHRTY-IPYTPpR6fnw4ZZ8wDFsHHNBAhS0NO5EGUM26Eqe7K_F2s7-_mdrr8GP4lEA9giPnZA6cp-kecKAwF9mg6DVEnB-CXB_a-WVRK3BUF6CixaHWgSLHTBe2Q-wrt6KptdWhAQKbttbeSdP9eFePXY4ccESuyY0cSJAGXE4OfBg4HDa4efSfDGBzd8inmBw45HJzGHIPmGxYQE25KcEORy3IyWzLkLnj5si0KAdooo0dRRMl1z9NzHZgDq3o7UUf4rReYYeAaNZKh75GkEcRdodNE69stIMrQIdNuPcQSQ7ZZh3GIP9aWSijz6vp4ou8HPJP6tl8pszOGeTZfDX_Kp8xjL6fGBrv2l1R6ksDnu-3eJEfdAb9v_75F4oS9Ck:1mhtei:Zja3399uYAooMyQjMgzk48q85N-SAlheOZGI5qkCXBM", "expire_date": "2021-11-16T13:16:48.217Z" } }, { "model": "sessions.session", "pk": "xm5oa91tfr3x3aavyqg6jkfrgsouujso", "fields": { "session_data": ".eJxVjEEOwiAQRe_C2hCGIgWX7nsGwjCDVA0kpV0Z765NutDtf-_9lwhxW0vYOi9hJnERIE6_G8b04LoDusd6azK1ui4zyl2RB-1yasTP6-H-HZTYy7fW52Rs8o7YqUwWDXgG45wZCCHlyEZnHjJm8AmZ7KCN1WocAQg4KhTvD_PSOFs:1mdJhZ:6g0SV8Kys0GLUVepYFnzOhzPVxgMc89etkpJsfZ5YHU", "expire_date": "2021-11-03T22:04:49.061Z" } }, { "model": "sites.site", "pk": 1, "fields": { "domain": "example.com", "name": "example.com" } }, { "model": "account.emailaddress", "pk": 1, "fields": { "user": 2, "email": "md@gmail.com", "verified": true, "primary": true } }, { "model": "account.emailaddress", "pk": 2, "fields": { "user": 3, "email": "p@gmail.com", "verified": false, "primary": true } }, { "model": "account.emailaddress", "pk": 3, "fields": { "user": 4, "email": "admin@gmail.com", "verified": false, "primary": true } }, { "model": "account.emailaddress", "pk": 4, "fields": { "user": 5, "email": "Lot@gmail.com", "verified": false, "primary": true } }, { "model": "account.emailaddress", "pk": 5, "fields": { "user": 6, "email": "zurabsx@gmail.com", "verified": false, "primary": true } }, { "model": "account.emailaddress", "pk": 6, "fields": { "user": 7, "email": "g@gmail.com", "verified": false, "primary": true } }]